2026-05-29 16:12:10 [INFO] 日志系统已初始化，日志文件：C:\Users\EDY\Desktop\BOT_TEST\logs\2026\05\2026-05-29.log
2026-05-29 16:12:10 [INFO] 成功导入 pyautogui
2026-05-29 16:12:51 [INFO] 日志系统已初始化，日志文件：C:\Users\EDY\Desktop\BOT_TEST\logs\2026\05\2026-05-29.log
2026-05-29 16:12:51 [INFO] 成功导入 pyautogui
2026-05-29 16:12:51 [INFO] 成功加载 1 个任务
2026-05-29 16:12:51 [INFO] 进入调试模式...
2026-05-29 16:12:51 [INFO] 当前任务配置：
2026-05-29 16:12:51 [INFO]   [0] 学员明细备份.xlsx
2026-05-29 16:12:51 [INFO]     - [0] webhook: 833b098e-d..., times: ['08:35', '10:35', '12:35', '14:35', '16:35', '18:35', '20:35', '22:00']
2026-05-29 16:12:51 [INFO]     - [1] webhook: ee57f939-0..., times: ['08:40', '10:40', '12:40', '14:40', '16:40', '18:40', '20:40', '22:05']
2026-05-29 16:12:51 [INFO] 将执行任务 0 的 webhook 0
2026-05-29 16:12:51 [INFO] 执行指定的 webhook: 833b098e-d...
2026-05-29 16:12:51 [INFO] ====================================================================================================
2026-05-29 16:12:51 [INFO] 启动任务：学员明细备份.xlsx
2026-05-29 16:12:51 [INFO] Webhook：833b098e...
2026-05-29 16:12:51 [INFO] ====================================================================================================
2026-05-29 16:12:51 [DEBUG] 成功创建 Excel 实例
2026-05-29 16:12:51 [DEBUG] 成功设置 Excel 可见性: True
2026-05-29 16:12:51 [DEBUG] 成功设置 DisplayAlerts = False
2026-05-29 16:12:54 [DEBUG] 成功打开文件：学员明细备份.xlsx
2026-05-29 16:12:54 [INFO] 开始刷新数据...
2026-05-29 16:12:54 [DEBUG] 发现链接数据源的表格：工作表 [昨日课量备份] - 查询 [昨日课量备份] - 范围 [$A$1:$B$59147]
2026-05-29 16:12:54 [INFO] 共发现 1 个链接了数据源的表格
2026-05-29 16:12:54 [INFO]   - 工作表 [昨日课量备份] - 查询 [昨日课量备份] - 范围 [$A$1:$B$59147]
2026-05-29 16:12:54 [INFO] 检查数据连接属性：
2026-05-29 16:12:54 [INFO]   工作表 [昨日课量备份] - 查询 [昨日课量备份]:
2026-05-29 16:12:54 [INFO]     - 全部刷新时刷新此连接: ✗ 未设置
2026-05-29 16:13:04 [INFO] 执行全部刷新...
2026-05-29 16:13:05 [INFO] 没有需要验证的表格，刷新完成
2026-05-29 16:13:05 [INFO] 启动弹窗守护线程，超时时间：90秒
2026-05-29 16:13:07 [DEBUG] 未检测到按钮 view_all_content.png ：
2026-05-29 16:13:08 [DEBUG] 未检测到按钮 view_all_content.png ：
2026-05-29 16:13:09 [DEBUG] 未检测到按钮 view_all_content.png ：
2026-05-29 16:13:10 [DEBUG] 未检测到按钮 view_all_content.png ：
2026-05-29 16:13:11 [DEBUG] 未检测到按钮 view_all_content.png ：
2026-05-29 16:13:12 [DEBUG] 未检测到按钮 view_all_content.png ：
2026-05-29 16:13:14 [DEBUG] 未检测到按钮 view_all_content.png ：
2026-05-29 16:13:14 [DEBUG] 未检测到按钮 view_all_content.png ：
2026-05-29 16:13:15 [DEBUG] 未检测到按钮 view_all_content.png ：
2026-05-29 16:13:16 [DEBUG] 未检测到按钮 view_all_content.png ：
2026-05-29 16:13:16 [DEBUG] 未检测到按钮 view_all_content.png ：
2026-05-29 16:13:17 [DEBUG] 未检测到按钮 view_all_content.png ：
2026-05-29 16:13:18 [DEBUG] 未检测到按钮 view_all_content.png ：
2026-05-29 16:13:18 [DEBUG] 未检测到按钮 view_all_content.png ：
2026-05-29 16:13:19 [DEBUG] 未检测到按钮 view_all_content.png ：
2026-05-29 16:13:20 [DEBUG] 未检测到按钮 view_all_content.png ：
2026-05-29 16:13:20 [DEBUG] 未检测到按钮 view_all_content.png ：
2026-05-29 16:13:21 [DEBUG] 未检测到按钮 view_all_content.png ：
2026-05-29 16:13:21 [DEBUG] 未检测到按钮 view_all_content.png ：
2026-05-29 16:13:22 [DEBUG] 未检测到按钮 view_all_content.png ：
2026-05-29 16:13:22 [DEBUG] 未检测到按钮 view_all_content.png ：
2026-05-29 16:13:23 [DEBUG] 未检测到按钮 view_all_content.png ：
2026-05-29 16:13:24 [DEBUG] 未检测到按钮 view_all_content.png ：
2026-05-29 16:13:25 [DEBUG] 未检测到按钮 view_all_content.png ：
2026-05-29 16:13:26 [DEBUG] 未检测到按钮 view_all_content.png ：
2026-05-29 16:13:26 [DEBUG] 未检测到按钮 view_all_content.png ：
2026-05-29 16:13:27 [DEBUG] 未检测到按钮 view_all_content.png ：
2026-05-29 16:13:28 [DEBUG] 未检测到按钮 view_all_content.png ：
2026-05-29 16:13:29 [DEBUG] 未检测到按钮 view_all_content.png ：
2026-05-29 16:13:29 [DEBUG] 未检测到按钮 view_all_content.png ：
2026-05-29 16:13:30 [DEBUG] 未检测到按钮 view_all_content.png ：
2026-05-29 16:13:31 [DEBUG] 未检测到按钮 view_all_content.png ：
2026-05-29 16:13:33 [DEBUG] 未检测到按钮 view_all_content.png ：
2026-05-29 16:13:35 [DEBUG] 未检测到按钮 view_all_content.png ：
2026-05-29 16:13:36 [DEBUG] 未检测到按钮 view_all_content.png ：
2026-05-29 16:13:38 [DEBUG] 未检测到按钮 view_all_content.png ：
2026-05-29 16:13:39 [DEBUG] 未检测到按钮 view_all_content.png ：
2026-05-29 16:13:41 [DEBUG] 未检测到按钮 view_all_content.png ：
2026-05-29 16:13:42 [DEBUG] 未检测到按钮 view_all_content.png ：
2026-05-29 16:13:43 [DEBUG] 未检测到按钮 view_all_content.png ：
2026-05-29 16:13:44 [DEBUG] 未检测到按钮 view_all_content.png ：
2026-05-29 16:13:45 [DEBUG] 未检测到按钮 view_all_content.png ：
2026-05-29 16:13:45 [DEBUG] 未检测到按钮 view_all_content.png ：
2026-05-29 16:13:46 [DEBUG] 未检测到按钮 view_all_content.png ：
2026-05-29 16:13:47 [DEBUG] 未检测到按钮 view_all_content.png ：
2026-05-29 16:13:47 [DEBUG] 未检测到按钮 view_all_content.png ：
2026-05-29 16:13:48 [DEBUG] 未检测到按钮 view_all_content.png ：
2026-05-29 16:13:48 [DEBUG] 未检测到按钮 view_all_content.png ：
2026-05-29 16:13:49 [DEBUG] 未检测到按钮 view_all_content.png ：
2026-05-29 16:13:50 [DEBUG] 未检测到按钮 view_all_content.png ：
2026-05-29 16:13:50 [DEBUG] 未检测到按钮 view_all_content.png ：
2026-05-29 16:13:51 [DEBUG] 未检测到按钮 view_all_content.png ：
2026-05-29 16:13:51 [DEBUG] 未检测到按钮 view_all_content.png ：
2026-05-29 16:13:52 [DEBUG] 未检测到按钮 view_all_content.png ：
2026-05-29 16:13:53 [DEBUG] 未检测到按钮 view_all_content.png ：
2026-05-29 16:13:53 [DEBUG] 未检测到按钮 view_all_content.png ：
2026-05-29 16:13:54 [DEBUG] 未检测到按钮 view_all_content.png ：
2026-05-29 16:13:54 [DEBUG] 未检测到按钮 view_all_content.png ：
2026-05-29 16:13:55 [DEBUG] 未检测到按钮 view_all_content.png ：
2026-05-29 16:13:56 [DEBUG] 未检测到按钮 view_all_content.png ：
2026-05-29 16:13:57 [DEBUG] 未检测到按钮 view_all_content.png ：
2026-05-29 16:13:57 [DEBUG] 未检测到按钮 view_all_content.png ：
2026-05-29 16:13:58 [DEBUG] 未检测到按钮 view_all_content.png ：
2026-05-29 16:13:59 [DEBUG] 未检测到按钮 view_all_content.png ：
2026-05-29 16:13:59 [DEBUG] 未检测到按钮 view_all_content.png ：
2026-05-29 16:14:00 [DEBUG] 未检测到按钮 view_all_content.png ：
2026-05-29 16:14:01 [DEBUG] 未检测到按钮 view_all_content.png ：
2026-05-29 16:14:01 [DEBUG] 未检测到按钮 view_all_content.png ：
2026-05-29 16:14:02 [DEBUG] 未检测到按钮 view_all_content.png ：
2026-05-29 16:14:03 [DEBUG] 未检测到按钮 view_all_content.png ：
2026-05-29 16:14:03 [DEBUG] 未检测到按钮 view_all_content.png ：
2026-05-29 16:14:04 [DEBUG] 未检测到按钮 view_all_content.png ：
2026-05-29 16:14:05 [DEBUG] 未检测到按钮 view_all_content.png ：
2026-05-29 16:14:05 [DEBUG] 未检测到按钮 view_all_content.png ：
2026-05-29 16:14:06 [DEBUG] 未检测到按钮 view_all_content.png ：
2026-05-29 16:14:07 [DEBUG] 未检测到按钮 view_all_content.png ：
2026-05-29 16:14:08 [DEBUG] 未检测到按钮 view_all_content.png ：
2026-05-29 16:14:09 [DEBUG] 未检测到按钮 view_all_content.png ：
2026-05-29 16:14:09 [DEBUG] 未检测到按钮 view_all_content.png ：
2026-05-29 16:14:10 [DEBUG] 未检测到按钮 view_all_content.png ：
2026-05-29 16:14:11 [DEBUG] 未检测到按钮 view_all_content.png ：
2026-05-29 16:14:11 [DEBUG] 未检测到按钮 view_all_content.png ：
2026-05-29 16:14:12 [DEBUG] 未检测到按钮 view_all_content.png ：
2026-05-29 16:14:12 [DEBUG] 未检测到按钮 view_all_content.png ：
2026-05-29 16:14:13 [DEBUG] 未检测到按钮 view_all_content.png ：
2026-05-29 16:14:14 [DEBUG] 未检测到按钮 view_all_content.png ：
2026-05-29 16:14:14 [DEBUG] 未检测到按钮 view_all_content.png ：
2026-05-29 16:14:15 [DEBUG] 未检测到按钮 view_all_content.png ：
2026-05-29 16:14:15 [DEBUG] 未检测到按钮 view_all_content.png ：
2026-05-29 16:14:16 [DEBUG] 未检测到按钮 view_all_content.png ：
2026-05-29 16:14:16 [DEBUG] 未检测到按钮 view_all_content.png ：
2026-05-29 16:14:17 [DEBUG] 未检测到按钮 view_all_content.png ：
2026-05-29 16:14:18 [DEBUG] 未检测到按钮 view_all_content.png ：
2026-05-29 16:14:18 [DEBUG] 未检测到按钮 view_all_content.png ：
2026-05-29 16:14:19 [DEBUG] 未检测到按钮 view_all_content.png ：
2026-05-29 16:14:19 [DEBUG] 未检测到按钮 view_all_content.png ：
2026-05-29 16:14:20 [DEBUG] 未检测到按钮 view_all_content.png ：
2026-05-29 16:14:21 [DEBUG] 未检测到按钮 view_all_content.png ：
2026-05-29 16:14:21 [DEBUG] 未检测到按钮 view_all_content.png ：
2026-05-29 16:14:22 [DEBUG] 未检测到按钮 view_all_content.png ：
2026-05-29 16:14:22 [DEBUG] 未检测到按钮 view_all_content.png ：
2026-05-29 16:14:23 [DEBUG] 未检测到按钮 view_all_content.png ：
2026-05-29 16:14:23 [DEBUG] 未检测到按钮 view_all_content.png ：
2026-05-29 16:14:24 [DEBUG] 未检测到按钮 view_all_content.png ：
2026-05-29 16:14:25 [DEBUG] 未检测到按钮 view_all_content.png ：
2026-05-29 16:14:25 [DEBUG] 未检测到按钮 view_all_content.png ：
2026-05-29 16:14:26 [DEBUG] 未检测到按钮 view_all_content.png ：
2026-05-29 16:14:26 [DEBUG] 未检测到按钮 view_all_content.png ：
2026-05-29 16:14:27 [DEBUG] 未检测到按钮 view_all_content.png ：
2026-05-29 16:14:27 [DEBUG] 未检测到按钮 view_all_content.png ：
2026-05-29 16:14:28 [DEBUG] 未检测到按钮 view_all_content.png ：
2026-05-29 16:14:29 [DEBUG] 未检测到按钮 view_all_content.png ：
2026-05-29 16:14:29 [DEBUG] 未检测到按钮 view_all_content.png ：
2026-05-29 16:14:30 [DEBUG] 未检测到按钮 view_all_content.png ：
2026-05-29 16:14:30 [DEBUG] 未检测到按钮 view_all_content.png ：
2026-05-29 16:14:31 [DEBUG] 未检测到按钮 view_all_content.png ：
2026-05-29 16:14:31 [DEBUG] 未检测到按钮 view_all_content.png ：
2026-05-29 16:14:32 [DEBUG] 未检测到按钮 view_all_content.png ：
2026-05-29 16:14:33 [DEBUG] 未检测到按钮 view_all_content.png ：
2026-05-29 16:14:33 [DEBUG] 未检测到按钮 view_all_content.png ：
2026-05-29 16:14:34 [DEBUG] 未检测到按钮 view_all_content.png ：
2026-05-29 16:14:34 [DEBUG] 未检测到按钮 view_all_content.png ：
2026-05-29 16:14:35 [DEBUG] 未检测到按钮 view_all_content.png ：
2026-05-29 16:14:35 [DEBUG] 未检测到按钮 view_all_content.png ：
2026-05-29 16:14:35 [INFO] 弹窗守护线程结束
2026-05-29 16:14:53 [DEBUG] 重新应用筛选：昨日课量备份
2026-05-29 16:14:53 [INFO] 处理Webhook：833b098e...
2026-05-29 16:14:53 [INFO] 开始截图，共 1 个区域
2026-05-29 16:14:53 [DEBUG] 截图区域地址: $A$1:$A$2
2026-05-29 16:14:54 [INFO] 截图成功：[test_webhook1] 工作表[sheet1] 区域[A1]
2026-05-29 16:14:54 [DEBUG] 已将所有工作表缩放比例恢复为100%
2026-05-29 16:14:59 [DEBUG] Excel 进程已释放
2026-05-29 16:14:59 [INFO] _deliver_results 被调用
2026-05-29 16:14:59 [INFO]   webhook: 833b098e...
2026-05-29 16:14:59 [INFO]   screenshots数量: 1
2026-05-29 16:14:59 [INFO]   send_file_enable: 1
2026-05-29 16:14:59 [INFO] 发送成功：截图 学员明细备份_test_webhook1_20260529_161453_167961.png
2026-05-29 16:14:59 [INFO] send_file_enable 为真，准备发送文件
2026-05-29 16:14:59 [INFO] 准备发送文件，file_path: C:/Users/EDY/OneDrive - PPLINGO PTE LTD/自动播报文件/学员明细备份.xlsx
2026-05-29 16:14:59 [INFO] send_file_enable 检查，webhook: 833b098e...
2026-05-29 16:14:59 [INFO] 开始上传文件：学员明细备份.xlsx
2026-05-29 16:14:59 [INFO] 上传URL: https://qyapi.weixin.qq.com/cgi-bin/webhook/upload_media?key=833b098e-d8b8-43ea-bfdf-cade0d040fb6&type=file
2026-05-29 16:14:59 [INFO] 正在上传文件：C:/Users/EDY/OneDrive - PPLINGO PTE LTD/自动播报文件/学员明细备份.xlsx
2026-05-29 16:14:59 [INFO] 上传文件名：学员明细备份_2026-05-29.xlsx
2026-05-29 16:15:00 [INFO] 上传响应状态码: 200
2026-05-29 16:15:00 [INFO] 上传响应内容: {"errcode":0,"errmsg":"ok","type":"file","media_id":"3FHFKp4dCQBjAlX2MXWE3N7G1eof25kCe1fEr67KeS81vi6vGMdgqVKmf5mln4IVW","created_at":"1780042500"}
2026-05-29 16:15:00 [INFO] 上传结果: {'errcode': 0, 'errmsg': 'ok', 'type': 'file', 'media_id': '3FHFKp4dCQBjAlX2MXWE3N7G1eof25kCe1fEr67KeS81vi6vGMdgqVKmf5mln4IVW', 'created_at': '1780042500'}
2026-05-29 16:15:00 [INFO] 文件上传成功，media_id: 3FHFKp4dCQBjAlX2MXWE3N7G1eof25kCe1fEr67KeS81vi6vGMdgqVKmf5mln4IVW
2026-05-29 16:15:01 [INFO] 发送成功：文件 学员明细备份.xlsx
2026-05-29 16:15:01 [DEBUG] 清理临时文件：学员明细备份_test_webhook1_20260529_161453_167961.png
2026-05-29 16:15:01 [INFO] 任务耗时：130.76s
2026-05-29 16:15:01 [INFO] ====================================================================================================
2026-05-29 16:20:50 [INFO] 日志系统已初始化，日志文件：C:\Users\EDY\Desktop\BOT_TEST\logs\2026\05\2026-05-29.log
2026-05-29 16:20:50 [INFO] 成功导入 pyautogui
2026-05-29 16:20:50 [INFO] 成功加载 1 个任务
2026-05-29 16:20:50 [INFO] 进入调试模式...
2026-05-29 16:20:50 [INFO] 当前任务配置：
2026-05-29 16:20:50 [INFO]   [0] 学员明细备份.xlsx
2026-05-29 16:20:50 [INFO]     - [0] webhook: 833b098e-d..., times: ['08:35', '10:35', '12:35', '14:35', '16:35', '18:35', '20:35', '22:00']
2026-05-29 16:20:50 [INFO]     - [1] webhook: ee57f939-0..., times: ['08:40', '10:40', '12:40', '14:40', '16:40', '18:40', '20:40', '22:05']
2026-05-29 16:20:50 [INFO] 将执行任务 0 的 webhook 0
2026-05-29 16:20:50 [INFO] 执行指定的 webhook: 833b098e-d...
2026-05-29 16:20:50 [INFO] ====================================================================================================
2026-05-29 16:20:50 [INFO] 启动任务：学员明细备份.xlsx
2026-05-29 16:20:50 [INFO] Webhook：833b098e...
2026-05-29 16:20:50 [INFO] ====================================================================================================
2026-05-29 16:20:51 [DEBUG] 成功创建 Excel 实例
2026-05-29 16:20:51 [DEBUG] 成功设置 Excel 可见性: True
2026-05-29 16:20:51 [DEBUG] 成功设置 DisplayAlerts = False
2026-05-29 16:20:51 [INFO] 启动弹窗守护线程，超时时间：300秒
2026-05-29 16:20:51 [DEBUG] 使用置信度 0.9 检测按钮 view_all_content.png 失败：The confidence keyword argument is only available if OpenCV is installed.
2026-05-29 16:20:51 [DEBUG] 使用置信度 0.8 检测按钮 view_all_content.png 失败：The confidence keyword argument is only available if OpenCV is installed.
2026-05-29 16:20:51 [DEBUG] 使用置信度 0.7 检测按钮 view_all_content.png 失败：The confidence keyword argument is only available if OpenCV is installed.
2026-05-29 16:20:51 [DEBUG] 按钮图片不存在：C:\Users\EDY\Desktop\BOT_TEST\button_images\continue.png
2026-05-29 16:20:51 [DEBUG] 按钮图片不存在：C:\Users\EDY\Desktop\BOT_TEST\button_images\ok.png
2026-05-29 16:20:51 [DEBUG] 使用置信度 0.9 检测按钮 view_all_content.png 失败：The confidence keyword argument is only available if OpenCV is installed.
2026-05-29 16:20:51 [DEBUG] 使用置信度 0.8 检测按钮 view_all_content.png 失败：The confidence keyword argument is only available if OpenCV is installed.
2026-05-29 16:20:51 [DEBUG] 使用置信度 0.7 检测按钮 view_all_content.png 失败：The confidence keyword argument is only available if OpenCV is installed.
2026-05-29 16:20:51 [DEBUG] 按钮图片不存在：C:\Users\EDY\Desktop\BOT_TEST\button_images\continue.png
2026-05-29 16:20:51 [DEBUG] 按钮图片不存在：C:\Users\EDY\Desktop\BOT_TEST\button_images\ok.png
2026-05-29 16:20:51 [DEBUG] 使用置信度 0.9 检测按钮 view_all_content.png 失败：The confidence keyword argument is only available if OpenCV is installed.
2026-05-29 16:20:51 [DEBUG] 使用置信度 0.8 检测按钮 view_all_content.png 失败：The confidence keyword argument is only available if OpenCV is installed.
2026-05-29 16:20:52 [DEBUG] 使用置信度 0.7 检测按钮 view_all_content.png 失败：The confidence keyword argument is only available if OpenCV is installed.
2026-05-29 16:20:52 [DEBUG] 按钮图片不存在：C:\Users\EDY\Desktop\BOT_TEST\button_images\continue.png
2026-05-29 16:20:52 [DEBUG] 按钮图片不存在：C:\Users\EDY\Desktop\BOT_TEST\button_images\ok.png
2026-05-29 16:20:52 [DEBUG] 使用置信度 0.9 检测按钮 view_all_content.png 失败：The confidence keyword argument is only available if OpenCV is installed.
2026-05-29 16:20:52 [DEBUG] 使用置信度 0.8 检测按钮 view_all_content.png 失败：The confidence keyword argument is only available if OpenCV is installed.
2026-05-29 16:20:52 [DEBUG] 使用置信度 0.7 检测按钮 view_all_content.png 失败：The confidence keyword argument is only available if OpenCV is installed.
2026-05-29 16:20:52 [DEBUG] 按钮图片不存在：C:\Users\EDY\Desktop\BOT_TEST\button_images\continue.png
2026-05-29 16:20:52 [DEBUG] 按钮图片不存在：C:\Users\EDY\Desktop\BOT_TEST\button_images\ok.png
2026-05-29 16:20:52 [DEBUG] 使用置信度 0.9 检测按钮 view_all_content.png 失败：The confidence keyword argument is only available if OpenCV is installed.
2026-05-29 16:20:52 [DEBUG] 使用置信度 0.8 检测按钮 view_all_content.png 失败：The confidence keyword argument is only available if OpenCV is installed.
2026-05-29 16:20:52 [DEBUG] 使用置信度 0.7 检测按钮 view_all_content.png 失败：The confidence keyword argument is only available if OpenCV is installed.
2026-05-29 16:20:52 [DEBUG] 按钮图片不存在：C:\Users\EDY\Desktop\BOT_TEST\button_images\continue.png
2026-05-29 16:20:52 [DEBUG] 按钮图片不存在：C:\Users\EDY\Desktop\BOT_TEST\button_images\ok.png
2026-05-29 16:20:52 [DEBUG] 使用置信度 0.9 检测按钮 view_all_content.png 失败：The confidence keyword argument is only available if OpenCV is installed.
2026-05-29 16:20:52 [DEBUG] 使用置信度 0.8 检测按钮 view_all_content.png 失败：The confidence keyword argument is only available if OpenCV is installed.
2026-05-29 16:20:52 [DEBUG] 使用置信度 0.7 检测按钮 view_all_content.png 失败：The confidence keyword argument is only available if OpenCV is installed.
2026-05-29 16:20:52 [DEBUG] 按钮图片不存在：C:\Users\EDY\Desktop\BOT_TEST\button_images\continue.png
2026-05-29 16:20:52 [DEBUG] 按钮图片不存在：C:\Users\EDY\Desktop\BOT_TEST\button_images\ok.png
2026-05-29 16:20:52 [DEBUG] 使用置信度 0.9 检测按钮 view_all_content.png 失败：The confidence keyword argument is only available if OpenCV is installed.
2026-05-29 16:20:52 [DEBUG] 使用置信度 0.8 检测按钮 view_all_content.png 失败：The confidence keyword argument is only available if OpenCV is installed.
2026-05-29 16:20:52 [DEBUG] 使用置信度 0.7 检测按钮 view_all_content.png 失败：The confidence keyword argument is only available if OpenCV is installed.
2026-05-29 16:20:52 [DEBUG] 按钮图片不存在：C:\Users\EDY\Desktop\BOT_TEST\button_images\continue.png
2026-05-29 16:20:52 [DEBUG] 按钮图片不存在：C:\Users\EDY\Desktop\BOT_TEST\button_images\ok.png
2026-05-29 16:20:53 [DEBUG] 使用置信度 0.9 检测按钮 view_all_content.png 失败：The confidence keyword argument is only available if OpenCV is installed.
2026-05-29 16:20:53 [DEBUG] 使用置信度 0.8 检测按钮 view_all_content.png 失败：The confidence keyword argument is only available if OpenCV is installed.
2026-05-29 16:20:53 [DEBUG] 使用置信度 0.7 检测按钮 view_all_content.png 失败：The confidence keyword argument is only available if OpenCV is installed.
2026-05-29 16:20:53 [DEBUG] 按钮图片不存在：C:\Users\EDY\Desktop\BOT_TEST\button_images\continue.png
2026-05-29 16:20:53 [DEBUG] 按钮图片不存在：C:\Users\EDY\Desktop\BOT_TEST\button_images\ok.png
2026-05-29 16:20:53 [DEBUG] 使用置信度 0.9 检测按钮 view_all_content.png 失败：The confidence keyword argument is only available if OpenCV is installed.
2026-05-29 16:20:53 [DEBUG] 使用置信度 0.8 检测按钮 view_all_content.png 失败：The confidence keyword argument is only available if OpenCV is installed.
2026-05-29 16:20:53 [DEBUG] 使用置信度 0.7 检测按钮 view_all_content.png 失败：The confidence keyword argument is only available if OpenCV is installed.
2026-05-29 16:20:53 [DEBUG] 按钮图片不存在：C:\Users\EDY\Desktop\BOT_TEST\button_images\continue.png
2026-05-29 16:20:53 [DEBUG] 按钮图片不存在：C:\Users\EDY\Desktop\BOT_TEST\button_images\ok.png
2026-05-29 16:20:53 [DEBUG] 使用置信度 0.9 检测按钮 view_all_content.png 失败：The confidence keyword argument is only available if OpenCV is installed.
2026-05-29 16:20:53 [DEBUG] 使用置信度 0.8 检测按钮 view_all_content.png 失败：The confidence keyword argument is only available if OpenCV is installed.
2026-05-29 16:20:53 [DEBUG] 使用置信度 0.7 检测按钮 view_all_content.png 失败：The confidence keyword argument is only available if OpenCV is installed.
2026-05-29 16:20:53 [DEBUG] 按钮图片不存在：C:\Users\EDY\Desktop\BOT_TEST\button_images\continue.png
2026-05-29 16:20:53 [DEBUG] 按钮图片不存在：C:\Users\EDY\Desktop\BOT_TEST\button_images\ok.png
2026-05-29 16:20:53 [DEBUG] 成功打开文件：学员明细备份.xlsx
2026-05-29 16:20:53 [INFO] 开始刷新数据...
2026-05-29 16:20:53 [DEBUG] 使用置信度 0.9 检测按钮 view_all_content.png 失败：The confidence keyword argument is only available if OpenCV is installed.
2026-05-29 16:20:53 [DEBUG] 使用置信度 0.8 检测按钮 view_all_content.png 失败：The confidence keyword argument is only available if OpenCV is installed.
2026-05-29 16:20:53 [DEBUG] 使用置信度 0.7 检测按钮 view_all_content.png 失败：The confidence keyword argument is only available if OpenCV is installed.
2026-05-29 16:20:53 [DEBUG] 按钮图片不存在：C:\Users\EDY\Desktop\BOT_TEST\button_images\continue.png
2026-05-29 16:20:53 [DEBUG] 按钮图片不存在：C:\Users\EDY\Desktop\BOT_TEST\button_images\ok.png
2026-05-29 16:20:53 [DEBUG] 发现链接数据源的表格：工作表 [昨日课量备份] - 查询 [昨日课量备份] - 范围 [$A$1:$B$59147]
2026-05-29 16:20:53 [INFO] 共发现 1 个链接了数据源的表格
2026-05-29 16:20:53 [INFO]   - 工作表 [昨日课量备份] - 查询 [昨日课量备份] - 范围 [$A$1:$B$59147]
2026-05-29 16:20:53 [INFO] 检查数据连接属性：
2026-05-29 16:20:53 [INFO]   工作表 [昨日课量备份] - 查询 [昨日课量备份]:
2026-05-29 16:20:53 [INFO]     - 全部刷新时刷新此连接: ✗ 未设置
2026-05-29 16:20:54 [DEBUG] 使用置信度 0.9 检测按钮 view_all_content.png 失败：The confidence keyword argument is only available if OpenCV is installed.
2026-05-29 16:20:54 [DEBUG] 使用置信度 0.8 检测按钮 view_all_content.png 失败：The confidence keyword argument is only available if OpenCV is installed.
2026-05-29 16:20:54 [DEBUG] 使用置信度 0.7 检测按钮 view_all_content.png 失败：The confidence keyword argument is only available if OpenCV is installed.
2026-05-29 16:20:54 [DEBUG] 按钮图片不存在：C:\Users\EDY\Desktop\BOT_TEST\button_images\continue.png
2026-05-29 16:20:54 [DEBUG] 按钮图片不存在：C:\Users\EDY\Desktop\BOT_TEST\button_images\ok.png
2026-05-29 16:20:54 [DEBUG] 使用置信度 0.9 检测按钮 view_all_content.png 失败：The confidence keyword argument is only available if OpenCV is installed.
2026-05-29 16:20:54 [DEBUG] 使用置信度 0.8 检测按钮 view_all_content.png 失败：The confidence keyword argument is only available if OpenCV is installed.
2026-05-29 16:20:54 [DEBUG] 使用置信度 0.7 检测按钮 view_all_content.png 失败：The confidence keyword argument is only available if OpenCV is installed.
2026-05-29 16:20:54 [DEBUG] 按钮图片不存在：C:\Users\EDY\Desktop\BOT_TEST\button_images\continue.png
2026-05-29 16:20:54 [DEBUG] 按钮图片不存在：C:\Users\EDY\Desktop\BOT_TEST\button_images\ok.png
2026-05-29 16:20:54 [DEBUG] 使用置信度 0.9 检测按钮 view_all_content.png 失败：The confidence keyword argument is only available if OpenCV is installed.
2026-05-29 16:20:54 [DEBUG] 使用置信度 0.8 检测按钮 view_all_content.png 失败：The confidence keyword argument is only available if OpenCV is installed.
2026-05-29 16:20:54 [DEBUG] 使用置信度 0.7 检测按钮 view_all_content.png 失败：The confidence keyword argument is only available if OpenCV is installed.
2026-05-29 16:20:54 [DEBUG] 按钮图片不存在：C:\Users\EDY\Desktop\BOT_TEST\button_images\continue.png
2026-05-29 16:20:54 [DEBUG] 按钮图片不存在：C:\Users\EDY\Desktop\BOT_TEST\button_images\ok.png
2026-05-29 16:20:54 [DEBUG] 使用置信度 0.9 检测按钮 view_all_content.png 失败：The confidence keyword argument is only available if OpenCV is installed.
2026-05-29 16:20:54 [DEBUG] 使用置信度 0.8 检测按钮 view_all_content.png 失败：The confidence keyword argument is only available if OpenCV is installed.
2026-05-29 16:20:54 [DEBUG] 使用置信度 0.7 检测按钮 view_all_content.png 失败：The confidence keyword argument is only available if OpenCV is installed.
2026-05-29 16:20:54 [DEBUG] 按钮图片不存在：C:\Users\EDY\Desktop\BOT_TEST\button_images\continue.png
2026-05-29 16:20:54 [DEBUG] 按钮图片不存在：C:\Users\EDY\Desktop\BOT_TEST\button_images\ok.png
2026-05-29 16:20:54 [DEBUG] 使用置信度 0.9 检测按钮 view_all_content.png 失败：The confidence keyword argument is only available if OpenCV is installed.
2026-05-29 16:20:54 [DEBUG] 使用置信度 0.8 检测按钮 view_all_content.png 失败：The confidence keyword argument is only available if OpenCV is installed.
2026-05-29 16:20:54 [DEBUG] 使用置信度 0.7 检测按钮 view_all_content.png 失败：The confidence keyword argument is only available if OpenCV is installed.
2026-05-29 16:20:54 [DEBUG] 按钮图片不存在：C:\Users\EDY\Desktop\BOT_TEST\button_images\continue.png
2026-05-29 16:20:54 [DEBUG] 按钮图片不存在：C:\Users\EDY\Desktop\BOT_TEST\button_images\ok.png
2026-05-29 16:20:55 [DEBUG] 使用置信度 0.9 检测按钮 view_all_content.png 失败：The confidence keyword argument is only available if OpenCV is installed.
2026-05-29 16:20:55 [DEBUG] 使用置信度 0.8 检测按钮 view_all_content.png 失败：The confidence keyword argument is only available if OpenCV is installed.
2026-05-29 16:20:55 [DEBUG] 使用置信度 0.7 检测按钮 view_all_content.png 失败：The confidence keyword argument is only available if OpenCV is installed.
2026-05-29 16:20:55 [DEBUG] 按钮图片不存在：C:\Users\EDY\Desktop\BOT_TEST\button_images\continue.png
2026-05-29 16:20:55 [DEBUG] 按钮图片不存在：C:\Users\EDY\Desktop\BOT_TEST\button_images\ok.png
2026-05-29 16:20:55 [DEBUG] 使用置信度 0.9 检测按钮 view_all_content.png 失败：The confidence keyword argument is only available if OpenCV is installed.
2026-05-29 16:20:55 [DEBUG] 使用置信度 0.8 检测按钮 view_all_content.png 失败：The confidence keyword argument is only available if OpenCV is installed.
2026-05-29 16:20:55 [DEBUG] 使用置信度 0.7 检测按钮 view_all_content.png 失败：The confidence keyword argument is only available if OpenCV is installed.
2026-05-29 16:20:55 [DEBUG] 按钮图片不存在：C:\Users\EDY\Desktop\BOT_TEST\button_images\continue.png
2026-05-29 16:20:55 [DEBUG] 按钮图片不存在：C:\Users\EDY\Desktop\BOT_TEST\button_images\ok.png
2026-05-29 16:20:55 [DEBUG] 使用置信度 0.9 检测按钮 view_all_content.png 失败：The confidence keyword argument is only available if OpenCV is installed.
2026-05-29 16:20:55 [DEBUG] 使用置信度 0.8 检测按钮 view_all_content.png 失败：The confidence keyword argument is only available if OpenCV is installed.
2026-05-29 16:20:55 [DEBUG] 使用置信度 0.7 检测按钮 view_all_content.png 失败：The confidence keyword argument is only available if OpenCV is installed.
2026-05-29 16:20:55 [DEBUG] 按钮图片不存在：C:\Users\EDY\Desktop\BOT_TEST\button_images\continue.png
2026-05-29 16:20:55 [DEBUG] 按钮图片不存在：C:\Users\EDY\Desktop\BOT_TEST\button_images\ok.png
2026-05-29 16:20:55 [DEBUG] 使用置信度 0.9 检测按钮 view_all_content.png 失败：The confidence keyword argument is only available if OpenCV is installed.
2026-05-29 16:20:55 [DEBUG] 使用置信度 0.8 检测按钮 view_all_content.png 失败：The confidence keyword argument is only available if OpenCV is installed.
2026-05-29 16:20:55 [DEBUG] 使用置信度 0.7 检测按钮 view_all_content.png 失败：The confidence keyword argument is only available if OpenCV is installed.
2026-05-29 16:20:55 [DEBUG] 按钮图片不存在：C:\Users\EDY\Desktop\BOT_TEST\button_images\continue.png
2026-05-29 16:20:55 [DEBUG] 按钮图片不存在：C:\Users\EDY\Desktop\BOT_TEST\button_images\ok.png
2026-05-29 16:20:55 [DEBUG] 使用置信度 0.9 检测按钮 view_all_content.png 失败：The confidence keyword argument is only available if OpenCV is installed.
2026-05-29 16:20:56 [DEBUG] 使用置信度 0.8 检测按钮 view_all_content.png 失败：The confidence keyword argument is only available if OpenCV is installed.
2026-05-29 16:20:56 [DEBUG] 使用置信度 0.7 检测按钮 view_all_content.png 失败：The confidence keyword argument is only available if OpenCV is installed.
2026-05-29 16:20:56 [DEBUG] 按钮图片不存在：C:\Users\EDY\Desktop\BOT_TEST\button_images\continue.png
2026-05-29 16:20:56 [DEBUG] 按钮图片不存在：C:\Users\EDY\Desktop\BOT_TEST\button_images\ok.png
2026-05-29 16:20:56 [DEBUG] 使用置信度 0.9 检测按钮 view_all_content.png 失败：The confidence keyword argument is only available if OpenCV is installed.
2026-05-29 16:20:56 [DEBUG] 使用置信度 0.8 检测按钮 view_all_content.png 失败：The confidence keyword argument is only available if OpenCV is installed.
2026-05-29 16:20:56 [DEBUG] 使用置信度 0.7 检测按钮 view_all_content.png 失败：The confidence keyword argument is only available if OpenCV is installed.
2026-05-29 16:20:56 [DEBUG] 按钮图片不存在：C:\Users\EDY\Desktop\BOT_TEST\button_images\continue.png
2026-05-29 16:20:56 [DEBUG] 按钮图片不存在：C:\Users\EDY\Desktop\BOT_TEST\button_images\ok.png
2026-05-29 16:20:56 [DEBUG] 使用置信度 0.9 检测按钮 view_all_content.png 失败：The confidence keyword argument is only available if OpenCV is installed.
2026-05-29 16:20:56 [DEBUG] 使用置信度 0.8 检测按钮 view_all_content.png 失败：The confidence keyword argument is only available if OpenCV is installed.
2026-05-29 16:20:56 [DEBUG] 使用置信度 0.7 检测按钮 view_all_content.png 失败：The confidence keyword argument is only available if OpenCV is installed.
2026-05-29 16:20:56 [DEBUG] 按钮图片不存在：C:\Users\EDY\Desktop\BOT_TEST\button_images\continue.png
2026-05-29 16:20:56 [DEBUG] 按钮图片不存在：C:\Users\EDY\Desktop\BOT_TEST\button_images\ok.png
2026-05-29 16:20:56 [DEBUG] 使用置信度 0.9 检测按钮 view_all_content.png 失败：The confidence keyword argument is only available if OpenCV is installed.
2026-05-29 16:20:56 [DEBUG] 使用置信度 0.8 检测按钮 view_all_content.png 失败：The confidence keyword argument is only available if OpenCV is installed.
2026-05-29 16:20:56 [DEBUG] 使用置信度 0.7 检测按钮 view_all_content.png 失败：The confidence keyword argument is only available if OpenCV is installed.
2026-05-29 16:20:56 [DEBUG] 按钮图片不存在：C:\Users\EDY\Desktop\BOT_TEST\button_images\continue.png
2026-05-29 16:20:56 [DEBUG] 按钮图片不存在：C:\Users\EDY\Desktop\BOT_TEST\button_images\ok.png
2026-05-29 16:20:56 [DEBUG] 使用置信度 0.9 检测按钮 view_all_content.png 失败：The confidence keyword argument is only available if OpenCV is installed.
2026-05-29 16:20:56 [DEBUG] 使用置信度 0.8 检测按钮 view_all_content.png 失败：The confidence keyword argument is only available if OpenCV is installed.
2026-05-29 16:20:57 [DEBUG] 使用置信度 0.7 检测按钮 view_all_content.png 失败：The confidence keyword argument is only available if OpenCV is installed.
2026-05-29 16:20:57 [DEBUG] 按钮图片不存在：C:\Users\EDY\Desktop\BOT_TEST\button_images\continue.png
2026-05-29 16:20:57 [DEBUG] 按钮图片不存在：C:\Users\EDY\Desktop\BOT_TEST\button_images\ok.png
2026-05-29 16:20:57 [DEBUG] 使用置信度 0.9 检测按钮 view_all_content.png 失败：The confidence keyword argument is only available if OpenCV is installed.
2026-05-29 16:20:57 [DEBUG] 使用置信度 0.8 检测按钮 view_all_content.png 失败：The confidence keyword argument is only available if OpenCV is installed.
2026-05-29 16:20:57 [DEBUG] 使用置信度 0.7 检测按钮 view_all_content.png 失败：The confidence keyword argument is only available if OpenCV is installed.
2026-05-29 16:20:57 [DEBUG] 按钮图片不存在：C:\Users\EDY\Desktop\BOT_TEST\button_images\continue.png
2026-05-29 16:20:57 [DEBUG] 按钮图片不存在：C:\Users\EDY\Desktop\BOT_TEST\button_images\ok.png
2026-05-29 16:20:57 [DEBUG] 使用置信度 0.9 检测按钮 view_all_content.png 失败：The confidence keyword argument is only available if OpenCV is installed.
2026-05-29 16:20:57 [DEBUG] 使用置信度 0.8 检测按钮 view_all_content.png 失败：The confidence keyword argument is only available if OpenCV is installed.
2026-05-29 16:20:57 [DEBUG] 使用置信度 0.7 检测按钮 view_all_content.png 失败：The confidence keyword argument is only available if OpenCV is installed.
2026-05-29 16:20:57 [DEBUG] 按钮图片不存在：C:\Users\EDY\Desktop\BOT_TEST\button_images\continue.png
2026-05-29 16:20:57 [DEBUG] 按钮图片不存在：C:\Users\EDY\Desktop\BOT_TEST\button_images\ok.png
2026-05-29 16:20:57 [DEBUG] 使用置信度 0.9 检测按钮 view_all_content.png 失败：The confidence keyword argument is only available if OpenCV is installed.
2026-05-29 16:20:57 [DEBUG] 使用置信度 0.8 检测按钮 view_all_content.png 失败：The confidence keyword argument is only available if OpenCV is installed.
2026-05-29 16:20:57 [DEBUG] 使用置信度 0.7 检测按钮 view_all_content.png 失败：The confidence keyword argument is only available if OpenCV is installed.
2026-05-29 16:20:57 [DEBUG] 按钮图片不存在：C:\Users\EDY\Desktop\BOT_TEST\button_images\continue.png
2026-05-29 16:20:57 [DEBUG] 按钮图片不存在：C:\Users\EDY\Desktop\BOT_TEST\button_images\ok.png
2026-05-29 16:20:57 [DEBUG] 使用置信度 0.9 检测按钮 view_all_content.png 失败：The confidence keyword argument is only available if OpenCV is installed.
2026-05-29 16:20:57 [DEBUG] 使用置信度 0.8 检测按钮 view_all_content.png 失败：The confidence keyword argument is only available if OpenCV is installed.
2026-05-29 16:20:57 [DEBUG] 使用置信度 0.7 检测按钮 view_all_content.png 失败：The confidence keyword argument is only available if OpenCV is installed.
2026-05-29 16:20:57 [DEBUG] 按钮图片不存在：C:\Users\EDY\Desktop\BOT_TEST\button_images\continue.png
2026-05-29 16:20:57 [DEBUG] 按钮图片不存在：C:\Users\EDY\Desktop\BOT_TEST\button_images\ok.png
2026-05-29 16:20:58 [DEBUG] 使用置信度 0.9 检测按钮 view_all_content.png 失败：The confidence keyword argument is only available if OpenCV is installed.
2026-05-29 16:20:58 [DEBUG] 使用置信度 0.8 检测按钮 view_all_content.png 失败：The confidence keyword argument is only available if OpenCV is installed.
2026-05-29 16:20:58 [DEBUG] 使用置信度 0.7 检测按钮 view_all_content.png 失败：The confidence keyword argument is only available if OpenCV is installed.
2026-05-29 16:20:58 [DEBUG] 按钮图片不存在：C:\Users\EDY\Desktop\BOT_TEST\button_images\continue.png
2026-05-29 16:20:58 [DEBUG] 按钮图片不存在：C:\Users\EDY\Desktop\BOT_TEST\button_images\ok.png
2026-05-29 16:20:58 [DEBUG] 使用置信度 0.9 检测按钮 view_all_content.png 失败：The confidence keyword argument is only available if OpenCV is installed.
2026-05-29 16:20:58 [DEBUG] 使用置信度 0.8 检测按钮 view_all_content.png 失败：The confidence keyword argument is only available if OpenCV is installed.
2026-05-29 16:20:58 [DEBUG] 使用置信度 0.7 检测按钮 view_all_content.png 失败：The confidence keyword argument is only available if OpenCV is installed.
2026-05-29 16:20:58 [DEBUG] 按钮图片不存在：C:\Users\EDY\Desktop\BOT_TEST\button_images\continue.png
2026-05-29 16:20:58 [DEBUG] 按钮图片不存在：C:\Users\EDY\Desktop\BOT_TEST\button_images\ok.png
2026-05-29 16:20:58 [DEBUG] 使用置信度 0.9 检测按钮 view_all_content.png 失败：The confidence keyword argument is only available if OpenCV is installed.
2026-05-29 16:20:58 [DEBUG] 使用置信度 0.8 检测按钮 view_all_content.png 失败：The confidence keyword argument is only available if OpenCV is installed.
2026-05-29 16:20:58 [DEBUG] 使用置信度 0.7 检测按钮 view_all_content.png 失败：The confidence keyword argument is only available if OpenCV is installed.
2026-05-29 16:20:58 [DEBUG] 按钮图片不存在：C:\Users\EDY\Desktop\BOT_TEST\button_images\continue.png
2026-05-29 16:20:58 [DEBUG] 按钮图片不存在：C:\Users\EDY\Desktop\BOT_TEST\button_images\ok.png
2026-05-29 16:20:58 [DEBUG] 使用置信度 0.9 检测按钮 view_all_content.png 失败：The confidence keyword argument is only available if OpenCV is installed.
2026-05-29 16:20:58 [DEBUG] 使用置信度 0.8 检测按钮 view_all_content.png 失败：The confidence keyword argument is only available if OpenCV is installed.
2026-05-29 16:20:58 [DEBUG] 使用置信度 0.7 检测按钮 view_all_content.png 失败：The confidence keyword argument is only available if OpenCV is installed.
2026-05-29 16:20:58 [DEBUG] 按钮图片不存在：C:\Users\EDY\Desktop\BOT_TEST\button_images\continue.png
2026-05-29 16:20:58 [DEBUG] 按钮图片不存在：C:\Users\EDY\Desktop\BOT_TEST\button_images\ok.png
2026-05-29 16:20:58 [DEBUG] 使用置信度 0.9 检测按钮 view_all_content.png 失败：The confidence keyword argument is only available if OpenCV is installed.
2026-05-29 16:20:58 [DEBUG] 使用置信度 0.8 检测按钮 view_all_content.png 失败：The confidence keyword argument is only available if OpenCV is installed.
2026-05-29 16:20:58 [DEBUG] 使用置信度 0.7 检测按钮 view_all_content.png 失败：The confidence keyword argument is only available if OpenCV is installed.
2026-05-29 16:20:58 [DEBUG] 按钮图片不存在：C:\Users\EDY\Desktop\BOT_TEST\button_images\continue.png
2026-05-29 16:20:58 [DEBUG] 按钮图片不存在：C:\Users\EDY\Desktop\BOT_TEST\button_images\ok.png
2026-05-29 16:20:59 [DEBUG] 使用置信度 0.9 检测按钮 view_all_content.png 失败：The confidence keyword argument is only available if OpenCV is installed.
2026-05-29 16:20:59 [DEBUG] 使用置信度 0.8 检测按钮 view_all_content.png 失败：The confidence keyword argument is only available if OpenCV is installed.
2026-05-29 16:20:59 [DEBUG] 使用置信度 0.7 检测按钮 view_all_content.png 失败：The confidence keyword argument is only available if OpenCV is installed.
2026-05-29 16:20:59 [DEBUG] 按钮图片不存在：C:\Users\EDY\Desktop\BOT_TEST\button_images\continue.png
2026-05-29 16:20:59 [DEBUG] 按钮图片不存在：C:\Users\EDY\Desktop\BOT_TEST\button_images\ok.png
2026-05-29 16:20:59 [DEBUG] 使用置信度 0.9 检测按钮 view_all_content.png 失败：The confidence keyword argument is only available if OpenCV is installed.
2026-05-29 16:20:59 [DEBUG] 使用置信度 0.8 检测按钮 view_all_content.png 失败：The confidence keyword argument is only available if OpenCV is installed.
2026-05-29 16:20:59 [DEBUG] 使用置信度 0.7 检测按钮 view_all_content.png 失败：The confidence keyword argument is only available if OpenCV is installed.
2026-05-29 16:20:59 [DEBUG] 按钮图片不存在：C:\Users\EDY\Desktop\BOT_TEST\button_images\continue.png
2026-05-29 16:20:59 [DEBUG] 按钮图片不存在：C:\Users\EDY\Desktop\BOT_TEST\button_images\ok.png
2026-05-29 16:20:59 [DEBUG] 使用置信度 0.9 检测按钮 view_all_content.png 失败：The confidence keyword argument is only available if OpenCV is installed.
2026-05-29 16:20:59 [DEBUG] 使用置信度 0.8 检测按钮 view_all_content.png 失败：The confidence keyword argument is only available if OpenCV is installed.
2026-05-29 16:20:59 [DEBUG] 使用置信度 0.7 检测按钮 view_all_content.png 失败：The confidence keyword argument is only available if OpenCV is installed.
2026-05-29 16:20:59 [DEBUG] 按钮图片不存在：C:\Users\EDY\Desktop\BOT_TEST\button_images\continue.png
2026-05-29 16:20:59 [DEBUG] 按钮图片不存在：C:\Users\EDY\Desktop\BOT_TEST\button_images\ok.png
2026-05-29 16:20:59 [DEBUG] 使用置信度 0.9 检测按钮 view_all_content.png 失败：The confidence keyword argument is only available if OpenCV is installed.
2026-05-29 16:20:59 [DEBUG] 使用置信度 0.8 检测按钮 view_all_content.png 失败：The confidence keyword argument is only available if OpenCV is installed.
2026-05-29 16:20:59 [DEBUG] 使用置信度 0.7 检测按钮 view_all_content.png 失败：The confidence keyword argument is only available if OpenCV is installed.
2026-05-29 16:20:59 [DEBUG] 按钮图片不存在：C:\Users\EDY\Desktop\BOT_TEST\button_images\continue.png
2026-05-29 16:20:59 [DEBUG] 按钮图片不存在：C:\Users\EDY\Desktop\BOT_TEST\button_images\ok.png
2026-05-29 16:21:00 [DEBUG] 使用置信度 0.9 检测按钮 view_all_content.png 失败：The confidence keyword argument is only available if OpenCV is installed.
2026-05-29 16:21:00 [DEBUG] 使用置信度 0.8 检测按钮 view_all_content.png 失败：The confidence keyword argument is only available if OpenCV is installed.
2026-05-29 16:21:00 [DEBUG] 使用置信度 0.7 检测按钮 view_all_content.png 失败：The confidence keyword argument is only available if OpenCV is installed.
2026-05-29 16:21:00 [DEBUG] 按钮图片不存在：C:\Users\EDY\Desktop\BOT_TEST\button_images\continue.png
2026-05-29 16:21:00 [DEBUG] 按钮图片不存在：C:\Users\EDY\Desktop\BOT_TEST\button_images\ok.png
2026-05-29 16:21:00 [DEBUG] 使用置信度 0.9 检测按钮 view_all_content.png 失败：The confidence keyword argument is only available if OpenCV is installed.
2026-05-29 16:21:00 [DEBUG] 使用置信度 0.8 检测按钮 view_all_content.png 失败：The confidence keyword argument is only available if OpenCV is installed.
2026-05-29 16:21:00 [DEBUG] 使用置信度 0.7 检测按钮 view_all_content.png 失败：The confidence keyword argument is only available if OpenCV is installed.
2026-05-29 16:21:00 [DEBUG] 按钮图片不存在：C:\Users\EDY\Desktop\BOT_TEST\button_images\continue.png
2026-05-29 16:21:00 [DEBUG] 按钮图片不存在：C:\Users\EDY\Desktop\BOT_TEST\button_images\ok.png
2026-05-29 16:21:00 [DEBUG] 使用置信度 0.9 检测按钮 view_all_content.png 失败：The confidence keyword argument is only available if OpenCV is installed.
2026-05-29 16:21:00 [DEBUG] 使用置信度 0.8 检测按钮 view_all_content.png 失败：The confidence keyword argument is only available if OpenCV is installed.
2026-05-29 16:21:00 [DEBUG] 使用置信度 0.7 检测按钮 view_all_content.png 失败：The confidence keyword argument is only available if OpenCV is installed.
2026-05-29 16:21:00 [DEBUG] 按钮图片不存在：C:\Users\EDY\Desktop\BOT_TEST\button_images\continue.png
2026-05-29 16:21:00 [DEBUG] 按钮图片不存在：C:\Users\EDY\Desktop\BOT_TEST\button_images\ok.png
2026-05-29 16:21:00 [DEBUG] 使用置信度 0.9 检测按钮 view_all_content.png 失败：The confidence keyword argument is only available if OpenCV is installed.
2026-05-29 16:21:00 [DEBUG] 使用置信度 0.8 检测按钮 view_all_content.png 失败：The confidence keyword argument is only available if OpenCV is installed.
2026-05-29 16:21:00 [DEBUG] 使用置信度 0.7 检测按钮 view_all_content.png 失败：The confidence keyword argument is only available if OpenCV is installed.
2026-05-29 16:21:00 [DEBUG] 按钮图片不存在：C:\Users\EDY\Desktop\BOT_TEST\button_images\continue.png
2026-05-29 16:21:00 [DEBUG] 按钮图片不存在：C:\Users\EDY\Desktop\BOT_TEST\button_images\ok.png
2026-05-29 16:21:00 [DEBUG] 使用置信度 0.9 检测按钮 view_all_content.png 失败：The confidence keyword argument is only available if OpenCV is installed.
2026-05-29 16:21:00 [DEBUG] 使用置信度 0.8 检测按钮 view_all_content.png 失败：The confidence keyword argument is only available if OpenCV is installed.
2026-05-29 16:21:00 [DEBUG] 使用置信度 0.7 检测按钮 view_all_content.png 失败：The confidence keyword argument is only available if OpenCV is installed.
2026-05-29 16:21:00 [DEBUG] 按钮图片不存在：C:\Users\EDY\Desktop\BOT_TEST\button_images\continue.png
2026-05-29 16:21:00 [DEBUG] 按钮图片不存在：C:\Users\EDY\Desktop\BOT_TEST\button_images\ok.png
2026-05-29 16:21:01 [DEBUG] 使用置信度 0.9 检测按钮 view_all_content.png 失败：The confidence keyword argument is only available if OpenCV is installed.
2026-05-29 16:21:01 [DEBUG] 使用置信度 0.8 检测按钮 view_all_content.png 失败：The confidence keyword argument is only available if OpenCV is installed.
2026-05-29 16:21:01 [DEBUG] 使用置信度 0.7 检测按钮 view_all_content.png 失败：The confidence keyword argument is only available if OpenCV is installed.
2026-05-29 16:21:01 [DEBUG] 按钮图片不存在：C:\Users\EDY\Desktop\BOT_TEST\button_images\continue.png
2026-05-29 16:21:01 [DEBUG] 按钮图片不存在：C:\Users\EDY\Desktop\BOT_TEST\button_images\ok.png
2026-05-29 16:21:01 [DEBUG] 使用置信度 0.9 检测按钮 view_all_content.png 失败：The confidence keyword argument is only available if OpenCV is installed.
2026-05-29 16:21:01 [DEBUG] 使用置信度 0.8 检测按钮 view_all_content.png 失败：The confidence keyword argument is only available if OpenCV is installed.
2026-05-29 16:21:01 [DEBUG] 使用置信度 0.7 检测按钮 view_all_content.png 失败：The confidence keyword argument is only available if OpenCV is installed.
2026-05-29 16:21:01 [DEBUG] 按钮图片不存在：C:\Users\EDY\Desktop\BOT_TEST\button_images\continue.png
2026-05-29 16:21:01 [DEBUG] 按钮图片不存在：C:\Users\EDY\Desktop\BOT_TEST\button_images\ok.png
2026-05-29 16:21:01 [DEBUG] 使用置信度 0.9 检测按钮 view_all_content.png 失败：The confidence keyword argument is only available if OpenCV is installed.
2026-05-29 16:21:01 [DEBUG] 使用置信度 0.8 检测按钮 view_all_content.png 失败：The confidence keyword argument is only available if OpenCV is installed.
2026-05-29 16:21:01 [DEBUG] 使用置信度 0.7 检测按钮 view_all_content.png 失败：The confidence keyword argument is only available if OpenCV is installed.
2026-05-29 16:21:01 [DEBUG] 按钮图片不存在：C:\Users\EDY\Desktop\BOT_TEST\button_images\continue.png
2026-05-29 16:21:01 [DEBUG] 按钮图片不存在：C:\Users\EDY\Desktop\BOT_TEST\button_images\ok.png
2026-05-29 16:21:01 [DEBUG] 使用置信度 0.9 检测按钮 view_all_content.png 失败：The confidence keyword argument is only available if OpenCV is installed.
2026-05-29 16:21:01 [DEBUG] 使用置信度 0.8 检测按钮 view_all_content.png 失败：The confidence keyword argument is only available if OpenCV is installed.
2026-05-29 16:21:01 [DEBUG] 使用置信度 0.7 检测按钮 view_all_content.png 失败：The confidence keyword argument is only available if OpenCV is installed.
2026-05-29 16:21:01 [DEBUG] 按钮图片不存在：C:\Users\EDY\Desktop\BOT_TEST\button_images\continue.png
2026-05-29 16:21:01 [DEBUG] 按钮图片不存在：C:\Users\EDY\Desktop\BOT_TEST\button_images\ok.png
2026-05-29 16:21:01 [DEBUG] 使用置信度 0.9 检测按钮 view_all_content.png 失败：The confidence keyword argument is only available if OpenCV is installed.
2026-05-29 16:21:01 [DEBUG] 使用置信度 0.8 检测按钮 view_all_content.png 失败：The confidence keyword argument is only available if OpenCV is installed.
2026-05-29 16:21:01 [DEBUG] 使用置信度 0.7 检测按钮 view_all_content.png 失败：The confidence keyword argument is only available if OpenCV is installed.
2026-05-29 16:21:01 [DEBUG] 按钮图片不存在：C:\Users\EDY\Desktop\BOT_TEST\button_images\continue.png
2026-05-29 16:21:01 [DEBUG] 按钮图片不存在：C:\Users\EDY\Desktop\BOT_TEST\button_images\ok.png
2026-05-29 16:21:02 [DEBUG] 使用置信度 0.9 检测按钮 view_all_content.png 失败：The confidence keyword argument is only available if OpenCV is installed.
2026-05-29 16:21:02 [DEBUG] 使用置信度 0.8 检测按钮 view_all_content.png 失败：The confidence keyword argument is only available if OpenCV is installed.
2026-05-29 16:21:02 [DEBUG] 使用置信度 0.7 检测按钮 view_all_content.png 失败：The confidence keyword argument is only available if OpenCV is installed.
2026-05-29 16:21:02 [DEBUG] 按钮图片不存在：C:\Users\EDY\Desktop\BOT_TEST\button_images\continue.png
2026-05-29 16:21:02 [DEBUG] 按钮图片不存在：C:\Users\EDY\Desktop\BOT_TEST\button_images\ok.png
2026-05-29 16:21:02 [DEBUG] 使用置信度 0.9 检测按钮 view_all_content.png 失败：The confidence keyword argument is only available if OpenCV is installed.
2026-05-29 16:21:02 [DEBUG] 使用置信度 0.8 检测按钮 view_all_content.png 失败：The confidence keyword argument is only available if OpenCV is installed.
2026-05-29 16:21:02 [DEBUG] 使用置信度 0.7 检测按钮 view_all_content.png 失败：The confidence keyword argument is only available if OpenCV is installed.
2026-05-29 16:21:02 [DEBUG] 按钮图片不存在：C:\Users\EDY\Desktop\BOT_TEST\button_images\continue.png
2026-05-29 16:21:02 [DEBUG] 按钮图片不存在：C:\Users\EDY\Desktop\BOT_TEST\button_images\ok.png
2026-05-29 16:21:02 [DEBUG] 使用置信度 0.9 检测按钮 view_all_content.png 失败：The confidence keyword argument is only available if OpenCV is installed.
2026-05-29 16:21:02 [DEBUG] 使用置信度 0.8 检测按钮 view_all_content.png 失败：The confidence keyword argument is only available if OpenCV is installed.
2026-05-29 16:21:02 [DEBUG] 使用置信度 0.7 检测按钮 view_all_content.png 失败：The confidence keyword argument is only available if OpenCV is installed.
2026-05-29 16:21:02 [DEBUG] 按钮图片不存在：C:\Users\EDY\Desktop\BOT_TEST\button_images\continue.png
2026-05-29 16:21:02 [DEBUG] 按钮图片不存在：C:\Users\EDY\Desktop\BOT_TEST\button_images\ok.png
2026-05-29 16:21:02 [DEBUG] 使用置信度 0.9 检测按钮 view_all_content.png 失败：The confidence keyword argument is only available if OpenCV is installed.
2026-05-29 16:21:02 [DEBUG] 使用置信度 0.8 检测按钮 view_all_content.png 失败：The confidence keyword argument is only available if OpenCV is installed.
2026-05-29 16:21:02 [DEBUG] 使用置信度 0.7 检测按钮 view_all_content.png 失败：The confidence keyword argument is only available if OpenCV is installed.
2026-05-29 16:21:02 [DEBUG] 按钮图片不存在：C:\Users\EDY\Desktop\BOT_TEST\button_images\continue.png
2026-05-29 16:21:02 [DEBUG] 按钮图片不存在：C:\Users\EDY\Desktop\BOT_TEST\button_images\ok.png
2026-05-29 16:21:02 [DEBUG] 使用置信度 0.9 检测按钮 view_all_content.png 失败：The confidence keyword argument is only available if OpenCV is installed.
2026-05-29 16:21:03 [DEBUG] 使用置信度 0.8 检测按钮 view_all_content.png 失败：The confidence keyword argument is only available if OpenCV is installed.
2026-05-29 16:21:03 [DEBUG] 使用置信度 0.7 检测按钮 view_all_content.png 失败：The confidence keyword argument is only available if OpenCV is installed.
2026-05-29 16:21:03 [DEBUG] 按钮图片不存在：C:\Users\EDY\Desktop\BOT_TEST\button_images\continue.png
2026-05-29 16:21:03 [DEBUG] 按钮图片不存在：C:\Users\EDY\Desktop\BOT_TEST\button_images\ok.png
2026-05-29 16:21:03 [DEBUG] 使用置信度 0.9 检测按钮 view_all_content.png 失败：The confidence keyword argument is only available if OpenCV is installed.
2026-05-29 16:21:03 [DEBUG] 使用置信度 0.8 检测按钮 view_all_content.png 失败：The confidence keyword argument is only available if OpenCV is installed.
2026-05-29 16:21:03 [DEBUG] 使用置信度 0.7 检测按钮 view_all_content.png 失败：The confidence keyword argument is only available if OpenCV is installed.
2026-05-29 16:21:03 [DEBUG] 按钮图片不存在：C:\Users\EDY\Desktop\BOT_TEST\button_images\continue.png
2026-05-29 16:21:03 [DEBUG] 按钮图片不存在：C:\Users\EDY\Desktop\BOT_TEST\button_images\ok.png
2026-05-29 16:21:03 [DEBUG] 使用置信度 0.9 检测按钮 view_all_content.png 失败：The confidence keyword argument is only available if OpenCV is installed.
2026-05-29 16:21:03 [DEBUG] 使用置信度 0.8 检测按钮 view_all_content.png 失败：The confidence keyword argument is only available if OpenCV is installed.
2026-05-29 16:21:03 [DEBUG] 使用置信度 0.7 检测按钮 view_all_content.png 失败：The confidence keyword argument is only available if OpenCV is installed.
2026-05-29 16:21:03 [DEBUG] 按钮图片不存在：C:\Users\EDY\Desktop\BOT_TEST\button_images\continue.png
2026-05-29 16:21:03 [DEBUG] 按钮图片不存在：C:\Users\EDY\Desktop\BOT_TEST\button_images\ok.png
2026-05-29 16:21:03 [DEBUG] 使用置信度 0.9 检测按钮 view_all_content.png 失败：The confidence keyword argument is only available if OpenCV is installed.
2026-05-29 16:21:03 [DEBUG] 使用置信度 0.8 检测按钮 view_all_content.png 失败：The confidence keyword argument is only available if OpenCV is installed.
2026-05-29 16:21:03 [DEBUG] 使用置信度 0.7 检测按钮 view_all_content.png 失败：The confidence keyword argument is only available if OpenCV is installed.
2026-05-29 16:21:03 [DEBUG] 按钮图片不存在：C:\Users\EDY\Desktop\BOT_TEST\button_images\continue.png
2026-05-29 16:21:03 [DEBUG] 按钮图片不存在：C:\Users\EDY\Desktop\BOT_TEST\button_images\ok.png
2026-05-29 16:21:03 [DEBUG] 使用置信度 0.9 检测按钮 view_all_content.png 失败：The confidence keyword argument is only available if OpenCV is installed.
2026-05-29 16:21:03 [DEBUG] 使用置信度 0.8 检测按钮 view_all_content.png 失败：The confidence keyword argument is only available if OpenCV is installed.
2026-05-29 16:21:03 [DEBUG] 使用置信度 0.7 检测按钮 view_all_content.png 失败：The confidence keyword argument is only available if OpenCV is installed.
2026-05-29 16:21:03 [DEBUG] 按钮图片不存在：C:\Users\EDY\Desktop\BOT_TEST\button_images\continue.png
2026-05-29 16:21:03 [DEBUG] 按钮图片不存在：C:\Users\EDY\Desktop\BOT_TEST\button_images\ok.png
2026-05-29 16:21:03 [INFO] 执行全部刷新...
2026-05-29 16:21:04 [DEBUG] 使用置信度 0.9 检测按钮 view_all_content.png 失败：The confidence keyword argument is only available if OpenCV is installed.
2026-05-29 16:21:04 [DEBUG] 使用置信度 0.8 检测按钮 view_all_content.png 失败：The confidence keyword argument is only available if OpenCV is installed.
2026-05-29 16:21:04 [DEBUG] 使用置信度 0.7 检测按钮 view_all_content.png 失败：The confidence keyword argument is only available if OpenCV is installed.
2026-05-29 16:21:04 [DEBUG] 按钮图片不存在：C:\Users\EDY\Desktop\BOT_TEST\button_images\continue.png
2026-05-29 16:21:04 [DEBUG] 按钮图片不存在：C:\Users\EDY\Desktop\BOT_TEST\button_images\ok.png
2026-05-29 16:21:04 [DEBUG] 使用置信度 0.9 检测按钮 view_all_content.png 失败：The confidence keyword argument is only available if OpenCV is installed.
2026-05-29 16:21:04 [DEBUG] 使用置信度 0.8 检测按钮 view_all_content.png 失败：The confidence keyword argument is only available if OpenCV is installed.
2026-05-29 16:21:04 [DEBUG] 使用置信度 0.7 检测按钮 view_all_content.png 失败：The confidence keyword argument is only available if OpenCV is installed.
2026-05-29 16:21:04 [DEBUG] 按钮图片不存在：C:\Users\EDY\Desktop\BOT_TEST\button_images\continue.png
2026-05-29 16:21:04 [DEBUG] 按钮图片不存在：C:\Users\EDY\Desktop\BOT_TEST\button_images\ok.png
2026-05-29 16:21:04 [DEBUG] 使用置信度 0.9 检测按钮 view_all_content.png 失败：The confidence keyword argument is only available if OpenCV is installed.
2026-05-29 16:21:04 [DEBUG] 使用置信度 0.8 检测按钮 view_all_content.png 失败：The confidence keyword argument is only available if OpenCV is installed.
2026-05-29 16:21:04 [DEBUG] 使用置信度 0.7 检测按钮 view_all_content.png 失败：The confidence keyword argument is only available if OpenCV is installed.
2026-05-29 16:21:04 [DEBUG] 按钮图片不存在：C:\Users\EDY\Desktop\BOT_TEST\button_images\continue.png
2026-05-29 16:21:04 [DEBUG] 按钮图片不存在：C:\Users\EDY\Desktop\BOT_TEST\button_images\ok.png
2026-05-29 16:21:04 [DEBUG] 使用置信度 0.9 检测按钮 view_all_content.png 失败：The confidence keyword argument is only available if OpenCV is installed.
2026-05-29 16:21:04 [DEBUG] 使用置信度 0.8 检测按钮 view_all_content.png 失败：The confidence keyword argument is only available if OpenCV is installed.
2026-05-29 16:21:04 [DEBUG] 使用置信度 0.7 检测按钮 view_all_content.png 失败：The confidence keyword argument is only available if OpenCV is installed.
2026-05-29 16:21:04 [DEBUG] 按钮图片不存在：C:\Users\EDY\Desktop\BOT_TEST\button_images\continue.png
2026-05-29 16:21:04 [DEBUG] 按钮图片不存在：C:\Users\EDY\Desktop\BOT_TEST\button_images\ok.png
2026-05-29 16:21:04 [DEBUG] 使用置信度 0.9 检测按钮 view_all_content.png 失败：The confidence keyword argument is only available if OpenCV is installed.
2026-05-29 16:21:04 [DEBUG] 使用置信度 0.8 检测按钮 view_all_content.png 失败：The confidence keyword argument is only available if OpenCV is installed.
2026-05-29 16:21:04 [DEBUG] 使用置信度 0.7 检测按钮 view_all_content.png 失败：The confidence keyword argument is only available if OpenCV is installed.
2026-05-29 16:21:04 [DEBUG] 按钮图片不存在：C:\Users\EDY\Desktop\BOT_TEST\button_images\continue.png
2026-05-29 16:21:04 [DEBUG] 按钮图片不存在：C:\Users\EDY\Desktop\BOT_TEST\button_images\ok.png
2026-05-29 16:21:05 [DEBUG] 使用置信度 0.9 检测按钮 view_all_content.png 失败：The confidence keyword argument is only available if OpenCV is installed.
2026-05-29 16:21:05 [DEBUG] 使用置信度 0.8 检测按钮 view_all_content.png 失败：The confidence keyword argument is only available if OpenCV is installed.
2026-05-29 16:21:05 [DEBUG] 使用置信度 0.7 检测按钮 view_all_content.png 失败：The confidence keyword argument is only available if OpenCV is installed.
2026-05-29 16:21:05 [DEBUG] 按钮图片不存在：C:\Users\EDY\Desktop\BOT_TEST\button_images\continue.png
2026-05-29 16:21:05 [DEBUG] 按钮图片不存在：C:\Users\EDY\Desktop\BOT_TEST\button_images\ok.png
2026-05-29 16:21:05 [DEBUG] 使用置信度 0.9 检测按钮 view_all_content.png 失败：The confidence keyword argument is only available if OpenCV is installed.
2026-05-29 16:21:05 [DEBUG] 使用置信度 0.8 检测按钮 view_all_content.png 失败：The confidence keyword argument is only available if OpenCV is installed.
2026-05-29 16:21:05 [DEBUG] 使用置信度 0.7 检测按钮 view_all_content.png 失败：The confidence keyword argument is only available if OpenCV is installed.
2026-05-29 16:21:05 [DEBUG] 按钮图片不存在：C:\Users\EDY\Desktop\BOT_TEST\button_images\continue.png
2026-05-29 16:21:05 [DEBUG] 按钮图片不存在：C:\Users\EDY\Desktop\BOT_TEST\button_images\ok.png
2026-05-29 16:21:05 [DEBUG] 使用置信度 0.9 检测按钮 view_all_content.png 失败：The confidence keyword argument is only available if OpenCV is installed.
2026-05-29 16:21:05 [DEBUG] 使用置信度 0.8 检测按钮 view_all_content.png 失败：The confidence keyword argument is only available if OpenCV is installed.
2026-05-29 16:21:05 [DEBUG] 使用置信度 0.7 检测按钮 view_all_content.png 失败：The confidence keyword argument is only available if OpenCV is installed.
2026-05-29 16:21:05 [DEBUG] 按钮图片不存在：C:\Users\EDY\Desktop\BOT_TEST\button_images\continue.png
2026-05-29 16:21:05 [DEBUG] 按钮图片不存在：C:\Users\EDY\Desktop\BOT_TEST\button_images\ok.png
2026-05-29 16:21:05 [INFO] 没有需要验证的表格，刷新完成
2026-05-29 16:21:05 [DEBUG] 使用置信度 0.9 检测按钮 view_all_content.png 失败：The confidence keyword argument is only available if OpenCV is installed.
2026-05-29 16:21:05 [DEBUG] 使用置信度 0.8 检测按钮 view_all_content.png 失败：The confidence keyword argument is only available if OpenCV is installed.
2026-05-29 16:21:05 [DEBUG] 使用置信度 0.7 检测按钮 view_all_content.png 失败：The confidence keyword argument is only available if OpenCV is installed.
2026-05-29 16:21:05 [DEBUG] 按钮图片不存在：C:\Users\EDY\Desktop\BOT_TEST\button_images\continue.png
2026-05-29 16:21:05 [DEBUG] 按钮图片不存在：C:\Users\EDY\Desktop\BOT_TEST\button_images\ok.png
2026-05-29 16:21:05 [DEBUG] 使用置信度 0.9 检测按钮 view_all_content.png 失败：The confidence keyword argument is only available if OpenCV is installed.
2026-05-29 16:21:06 [DEBUG] 使用置信度 0.8 检测按钮 view_all_content.png 失败：The confidence keyword argument is only available if OpenCV is installed.
2026-05-29 16:21:06 [DEBUG] 使用置信度 0.7 检测按钮 view_all_content.png 失败：The confidence keyword argument is only available if OpenCV is installed.
2026-05-29 16:21:06 [DEBUG] 按钮图片不存在：C:\Users\EDY\Desktop\BOT_TEST\button_images\continue.png
2026-05-29 16:21:06 [DEBUG] 按钮图片不存在：C:\Users\EDY\Desktop\BOT_TEST\button_images\ok.png
2026-05-29 16:21:06 [DEBUG] 使用置信度 0.9 检测按钮 view_all_content.png 失败：The confidence keyword argument is only available if OpenCV is installed.
2026-05-29 16:21:06 [DEBUG] 使用置信度 0.8 检测按钮 view_all_content.png 失败：The confidence keyword argument is only available if OpenCV is installed.
2026-05-29 16:21:06 [DEBUG] 使用置信度 0.7 检测按钮 view_all_content.png 失败：The confidence keyword argument is only available if OpenCV is installed.
2026-05-29 16:21:06 [DEBUG] 按钮图片不存在：C:\Users\EDY\Desktop\BOT_TEST\button_images\continue.png
2026-05-29 16:21:06 [DEBUG] 按钮图片不存在：C:\Users\EDY\Desktop\BOT_TEST\button_images\ok.png
2026-05-29 16:21:06 [DEBUG] 使用置信度 0.9 检测按钮 view_all_content.png 失败：The confidence keyword argument is only available if OpenCV is installed.
2026-05-29 16:21:06 [DEBUG] 使用置信度 0.8 检测按钮 view_all_content.png 失败：The confidence keyword argument is only available if OpenCV is installed.
2026-05-29 16:21:06 [DEBUG] 使用置信度 0.7 检测按钮 view_all_content.png 失败：The confidence keyword argument is only available if OpenCV is installed.
2026-05-29 16:21:06 [DEBUG] 按钮图片不存在：C:\Users\EDY\Desktop\BOT_TEST\button_images\continue.png
2026-05-29 16:21:06 [DEBUG] 按钮图片不存在：C:\Users\EDY\Desktop\BOT_TEST\button_images\ok.png
2026-05-29 16:21:06 [DEBUG] 使用置信度 0.9 检测按钮 view_all_content.png 失败：The confidence keyword argument is only available if OpenCV is installed.
2026-05-29 16:21:06 [DEBUG] 使用置信度 0.8 检测按钮 view_all_content.png 失败：The confidence keyword argument is only available if OpenCV is installed.
2026-05-29 16:21:06 [DEBUG] 使用置信度 0.7 检测按钮 view_all_content.png 失败：The confidence keyword argument is only available if OpenCV is installed.
2026-05-29 16:21:06 [DEBUG] 按钮图片不存在：C:\Users\EDY\Desktop\BOT_TEST\button_images\continue.png
2026-05-29 16:21:06 [DEBUG] 按钮图片不存在：C:\Users\EDY\Desktop\BOT_TEST\button_images\ok.png
2026-05-29 16:21:06 [DEBUG] 使用置信度 0.9 检测按钮 view_all_content.png 失败：The confidence keyword argument is only available if OpenCV is installed.
2026-05-29 16:21:06 [DEBUG] 使用置信度 0.8 检测按钮 view_all_content.png 失败：The confidence keyword argument is only available if OpenCV is installed.
2026-05-29 16:21:06 [DEBUG] 使用置信度 0.7 检测按钮 view_all_content.png 失败：The confidence keyword argument is only available if OpenCV is installed.
2026-05-29 16:21:06 [DEBUG] 按钮图片不存在：C:\Users\EDY\Desktop\BOT_TEST\button_images\continue.png
2026-05-29 16:21:06 [DEBUG] 按钮图片不存在：C:\Users\EDY\Desktop\BOT_TEST\button_images\ok.png
2026-05-29 16:21:07 [DEBUG] 使用置信度 0.9 检测按钮 view_all_content.png 失败：The confidence keyword argument is only available if OpenCV is installed.
2026-05-29 16:21:07 [DEBUG] 使用置信度 0.8 检测按钮 view_all_content.png 失败：The confidence keyword argument is only available if OpenCV is installed.
2026-05-29 16:21:07 [DEBUG] 使用置信度 0.7 检测按钮 view_all_content.png 失败：The confidence keyword argument is only available if OpenCV is installed.
2026-05-29 16:21:07 [DEBUG] 按钮图片不存在：C:\Users\EDY\Desktop\BOT_TEST\button_images\continue.png
2026-05-29 16:21:07 [DEBUG] 按钮图片不存在：C:\Users\EDY\Desktop\BOT_TEST\button_images\ok.png
2026-05-29 16:21:07 [DEBUG] 使用置信度 0.9 检测按钮 view_all_content.png 失败：The confidence keyword argument is only available if OpenCV is installed.
2026-05-29 16:21:07 [DEBUG] 使用置信度 0.8 检测按钮 view_all_content.png 失败：The confidence keyword argument is only available if OpenCV is installed.
2026-05-29 16:21:07 [DEBUG] 使用置信度 0.7 检测按钮 view_all_content.png 失败：The confidence keyword argument is only available if OpenCV is installed.
2026-05-29 16:21:07 [DEBUG] 按钮图片不存在：C:\Users\EDY\Desktop\BOT_TEST\button_images\continue.png
2026-05-29 16:21:07 [DEBUG] 按钮图片不存在：C:\Users\EDY\Desktop\BOT_TEST\button_images\ok.png
2026-05-29 16:21:07 [DEBUG] 使用置信度 0.9 检测按钮 view_all_content.png 失败：The confidence keyword argument is only available if OpenCV is installed.
2026-05-29 16:21:07 [DEBUG] 使用置信度 0.8 检测按钮 view_all_content.png 失败：The confidence keyword argument is only available if OpenCV is installed.
2026-05-29 16:21:07 [DEBUG] 使用置信度 0.7 检测按钮 view_all_content.png 失败：The confidence keyword argument is only available if OpenCV is installed.
2026-05-29 16:21:07 [DEBUG] 按钮图片不存在：C:\Users\EDY\Desktop\BOT_TEST\button_images\continue.png
2026-05-29 16:21:07 [DEBUG] 按钮图片不存在：C:\Users\EDY\Desktop\BOT_TEST\button_images\ok.png
2026-05-29 16:21:07 [DEBUG] 使用置信度 0.9 检测按钮 view_all_content.png 失败：The confidence keyword argument is only available if OpenCV is installed.
2026-05-29 16:21:07 [DEBUG] 使用置信度 0.8 检测按钮 view_all_content.png 失败：The confidence keyword argument is only available if OpenCV is installed.
2026-05-29 16:21:07 [DEBUG] 使用置信度 0.7 检测按钮 view_all_content.png 失败：The confidence keyword argument is only available if OpenCV is installed.
2026-05-29 16:21:07 [DEBUG] 按钮图片不存在：C:\Users\EDY\Desktop\BOT_TEST\button_images\continue.png
2026-05-29 16:21:07 [DEBUG] 按钮图片不存在：C:\Users\EDY\Desktop\BOT_TEST\button_images\ok.png
2026-05-29 16:21:07 [DEBUG] 使用置信度 0.9 检测按钮 view_all_content.png 失败：The confidence keyword argument is only available if OpenCV is installed.
2026-05-29 16:21:07 [DEBUG] 使用置信度 0.8 检测按钮 view_all_content.png 失败：The confidence keyword argument is only available if OpenCV is installed.
2026-05-29 16:21:08 [DEBUG] 使用置信度 0.7 检测按钮 view_all_content.png 失败：The confidence keyword argument is only available if OpenCV is installed.
2026-05-29 16:21:08 [DEBUG] 按钮图片不存在：C:\Users\EDY\Desktop\BOT_TEST\button_images\continue.png
2026-05-29 16:21:08 [DEBUG] 按钮图片不存在：C:\Users\EDY\Desktop\BOT_TEST\button_images\ok.png
2026-05-29 16:21:08 [DEBUG] 使用置信度 0.9 检测按钮 view_all_content.png 失败：The confidence keyword argument is only available if OpenCV is installed.
2026-05-29 16:21:08 [DEBUG] 使用置信度 0.8 检测按钮 view_all_content.png 失败：The confidence keyword argument is only available if OpenCV is installed.
2026-05-29 16:21:08 [DEBUG] 使用置信度 0.7 检测按钮 view_all_content.png 失败：The confidence keyword argument is only available if OpenCV is installed.
2026-05-29 16:21:08 [DEBUG] 按钮图片不存在：C:\Users\EDY\Desktop\BOT_TEST\button_images\continue.png
2026-05-29 16:21:08 [DEBUG] 按钮图片不存在：C:\Users\EDY\Desktop\BOT_TEST\button_images\ok.png
2026-05-29 16:21:08 [DEBUG] 使用置信度 0.9 检测按钮 view_all_content.png 失败：The confidence keyword argument is only available if OpenCV is installed.
2026-05-29 16:21:08 [DEBUG] 使用置信度 0.8 检测按钮 view_all_content.png 失败：The confidence keyword argument is only available if OpenCV is installed.
2026-05-29 16:21:08 [DEBUG] 使用置信度 0.7 检测按钮 view_all_content.png 失败：The confidence keyword argument is only available if OpenCV is installed.
2026-05-29 16:21:08 [DEBUG] 按钮图片不存在：C:\Users\EDY\Desktop\BOT_TEST\button_images\continue.png
2026-05-29 16:21:08 [DEBUG] 按钮图片不存在：C:\Users\EDY\Desktop\BOT_TEST\button_images\ok.png
2026-05-29 16:21:08 [DEBUG] 使用置信度 0.9 检测按钮 view_all_content.png 失败：The confidence keyword argument is only available if OpenCV is installed.
2026-05-29 16:21:08 [DEBUG] 使用置信度 0.8 检测按钮 view_all_content.png 失败：The confidence keyword argument is only available if OpenCV is installed.
2026-05-29 16:21:08 [DEBUG] 使用置信度 0.7 检测按钮 view_all_content.png 失败：The confidence keyword argument is only available if OpenCV is installed.
2026-05-29 16:21:08 [DEBUG] 按钮图片不存在：C:\Users\EDY\Desktop\BOT_TEST\button_images\continue.png
2026-05-29 16:21:08 [DEBUG] 按钮图片不存在：C:\Users\EDY\Desktop\BOT_TEST\button_images\ok.png
2026-05-29 16:21:08 [DEBUG] 使用置信度 0.9 检测按钮 view_all_content.png 失败：The confidence keyword argument is only available if OpenCV is installed.
2026-05-29 16:21:08 [DEBUG] 使用置信度 0.8 检测按钮 view_all_content.png 失败：The confidence keyword argument is only available if OpenCV is installed.
2026-05-29 16:21:08 [DEBUG] 使用置信度 0.7 检测按钮 view_all_content.png 失败：The confidence keyword argument is only available if OpenCV is installed.
2026-05-29 16:21:08 [DEBUG] 按钮图片不存在：C:\Users\EDY\Desktop\BOT_TEST\button_images\continue.png
2026-05-29 16:21:08 [DEBUG] 按钮图片不存在：C:\Users\EDY\Desktop\BOT_TEST\button_images\ok.png
2026-05-29 16:21:08 [DEBUG] 使用置信度 0.9 检测按钮 view_all_content.png 失败：The confidence keyword argument is only available if OpenCV is installed.
2026-05-29 16:21:09 [DEBUG] 使用置信度 0.8 检测按钮 view_all_content.png 失败：The confidence keyword argument is only available if OpenCV is installed.
2026-05-29 16:21:09 [DEBUG] 使用置信度 0.7 检测按钮 view_all_content.png 失败：The confidence keyword argument is only available if OpenCV is installed.
2026-05-29 16:21:09 [DEBUG] 按钮图片不存在：C:\Users\EDY\Desktop\BOT_TEST\button_images\continue.png
2026-05-29 16:21:09 [DEBUG] 按钮图片不存在：C:\Users\EDY\Desktop\BOT_TEST\button_images\ok.png
2026-05-29 16:21:09 [DEBUG] 使用置信度 0.9 检测按钮 view_all_content.png 失败：The confidence keyword argument is only available if OpenCV is installed.
2026-05-29 16:21:09 [DEBUG] 使用置信度 0.8 检测按钮 view_all_content.png 失败：The confidence keyword argument is only available if OpenCV is installed.
2026-05-29 16:21:09 [DEBUG] 使用置信度 0.7 检测按钮 view_all_content.png 失败：The confidence keyword argument is only available if OpenCV is installed.
2026-05-29 16:21:09 [DEBUG] 按钮图片不存在：C:\Users\EDY\Desktop\BOT_TEST\button_images\continue.png
2026-05-29 16:21:09 [DEBUG] 按钮图片不存在：C:\Users\EDY\Desktop\BOT_TEST\button_images\ok.png
2026-05-29 16:21:09 [DEBUG] 使用置信度 0.9 检测按钮 view_all_content.png 失败：The confidence keyword argument is only available if OpenCV is installed.
2026-05-29 16:21:09 [DEBUG] 使用置信度 0.8 检测按钮 view_all_content.png 失败：The confidence keyword argument is only available if OpenCV is installed.
2026-05-29 16:21:09 [DEBUG] 使用置信度 0.7 检测按钮 view_all_content.png 失败：The confidence keyword argument is only available if OpenCV is installed.
2026-05-29 16:21:09 [DEBUG] 按钮图片不存在：C:\Users\EDY\Desktop\BOT_TEST\button_images\continue.png
2026-05-29 16:21:09 [DEBUG] 按钮图片不存在：C:\Users\EDY\Desktop\BOT_TEST\button_images\ok.png
2026-05-29 16:21:09 [DEBUG] 使用置信度 0.9 检测按钮 view_all_content.png 失败：The confidence keyword argument is only available if OpenCV is installed.
2026-05-29 16:21:09 [DEBUG] 使用置信度 0.8 检测按钮 view_all_content.png 失败：The confidence keyword argument is only available if OpenCV is installed.
2026-05-29 16:21:09 [DEBUG] 使用置信度 0.7 检测按钮 view_all_content.png 失败：The confidence keyword argument is only available if OpenCV is installed.
2026-05-29 16:21:09 [DEBUG] 按钮图片不存在：C:\Users\EDY\Desktop\BOT_TEST\button_images\continue.png
2026-05-29 16:21:09 [DEBUG] 按钮图片不存在：C:\Users\EDY\Desktop\BOT_TEST\button_images\ok.png
2026-05-29 16:21:09 [DEBUG] 使用置信度 0.9 检测按钮 view_all_content.png 失败：The confidence keyword argument is only available if OpenCV is installed.
2026-05-29 16:21:09 [DEBUG] 使用置信度 0.8 检测按钮 view_all_content.png 失败：The confidence keyword argument is only available if OpenCV is installed.
2026-05-29 16:21:09 [DEBUG] 使用置信度 0.7 检测按钮 view_all_content.png 失败：The confidence keyword argument is only available if OpenCV is installed.
2026-05-29 16:21:09 [DEBUG] 按钮图片不存在：C:\Users\EDY\Desktop\BOT_TEST\button_images\continue.png
2026-05-29 16:21:09 [DEBUG] 按钮图片不存在：C:\Users\EDY\Desktop\BOT_TEST\button_images\ok.png
2026-05-29 16:21:10 [DEBUG] 使用置信度 0.9 检测按钮 view_all_content.png 失败：The confidence keyword argument is only available if OpenCV is installed.
2026-05-29 16:21:10 [DEBUG] 使用置信度 0.8 检测按钮 view_all_content.png 失败：The confidence keyword argument is only available if OpenCV is installed.
2026-05-29 16:21:10 [DEBUG] 使用置信度 0.7 检测按钮 view_all_content.png 失败：The confidence keyword argument is only available if OpenCV is installed.
2026-05-29 16:21:10 [DEBUG] 按钮图片不存在：C:\Users\EDY\Desktop\BOT_TEST\button_images\continue.png
2026-05-29 16:21:10 [DEBUG] 按钮图片不存在：C:\Users\EDY\Desktop\BOT_TEST\button_images\ok.png
2026-05-29 16:21:10 [DEBUG] 使用置信度 0.9 检测按钮 view_all_content.png 失败：The confidence keyword argument is only available if OpenCV is installed.
2026-05-29 16:21:10 [DEBUG] 使用置信度 0.8 检测按钮 view_all_content.png 失败：The confidence keyword argument is only available if OpenCV is installed.
2026-05-29 16:21:10 [DEBUG] 使用置信度 0.7 检测按钮 view_all_content.png 失败：The confidence keyword argument is only available if OpenCV is installed.
2026-05-29 16:21:10 [DEBUG] 按钮图片不存在：C:\Users\EDY\Desktop\BOT_TEST\button_images\continue.png
2026-05-29 16:21:10 [DEBUG] 按钮图片不存在：C:\Users\EDY\Desktop\BOT_TEST\button_images\ok.png
2026-05-29 16:21:10 [DEBUG] 使用置信度 0.9 检测按钮 view_all_content.png 失败：The confidence keyword argument is only available if OpenCV is installed.
2026-05-29 16:21:10 [DEBUG] 使用置信度 0.8 检测按钮 view_all_content.png 失败：The confidence keyword argument is only available if OpenCV is installed.
2026-05-29 16:21:10 [DEBUG] 使用置信度 0.7 检测按钮 view_all_content.png 失败：The confidence keyword argument is only available if OpenCV is installed.
2026-05-29 16:21:10 [DEBUG] 按钮图片不存在：C:\Users\EDY\Desktop\BOT_TEST\button_images\continue.png
2026-05-29 16:21:10 [DEBUG] 按钮图片不存在：C:\Users\EDY\Desktop\BOT_TEST\button_images\ok.png
2026-05-29 16:21:10 [DEBUG] 使用置信度 0.9 检测按钮 view_all_content.png 失败：The confidence keyword argument is only available if OpenCV is installed.
2026-05-29 16:21:10 [DEBUG] 使用置信度 0.8 检测按钮 view_all_content.png 失败：The confidence keyword argument is only available if OpenCV is installed.
2026-05-29 16:21:10 [DEBUG] 使用置信度 0.7 检测按钮 view_all_content.png 失败：The confidence keyword argument is only available if OpenCV is installed.
2026-05-29 16:21:10 [DEBUG] 按钮图片不存在：C:\Users\EDY\Desktop\BOT_TEST\button_images\continue.png
2026-05-29 16:21:10 [DEBUG] 按钮图片不存在：C:\Users\EDY\Desktop\BOT_TEST\button_images\ok.png
2026-05-29 16:21:10 [DEBUG] 使用置信度 0.9 检测按钮 view_all_content.png 失败：The confidence keyword argument is only available if OpenCV is installed.
2026-05-29 16:21:10 [DEBUG] 使用置信度 0.8 检测按钮 view_all_content.png 失败：The confidence keyword argument is only available if OpenCV is installed.
2026-05-29 16:21:11 [DEBUG] 使用置信度 0.7 检测按钮 view_all_content.png 失败：The confidence keyword argument is only available if OpenCV is installed.
2026-05-29 16:21:11 [DEBUG] 按钮图片不存在：C:\Users\EDY\Desktop\BOT_TEST\button_images\continue.png
2026-05-29 16:21:11 [DEBUG] 按钮图片不存在：C:\Users\EDY\Desktop\BOT_TEST\button_images\ok.png
2026-05-29 16:21:11 [DEBUG] 使用置信度 0.9 检测按钮 view_all_content.png 失败：The confidence keyword argument is only available if OpenCV is installed.
2026-05-29 16:21:11 [DEBUG] 使用置信度 0.8 检测按钮 view_all_content.png 失败：The confidence keyword argument is only available if OpenCV is installed.
2026-05-29 16:21:11 [DEBUG] 使用置信度 0.7 检测按钮 view_all_content.png 失败：The confidence keyword argument is only available if OpenCV is installed.
2026-05-29 16:21:11 [DEBUG] 按钮图片不存在：C:\Users\EDY\Desktop\BOT_TEST\button_images\continue.png
2026-05-29 16:21:11 [DEBUG] 按钮图片不存在：C:\Users\EDY\Desktop\BOT_TEST\button_images\ok.png
2026-05-29 16:21:11 [DEBUG] 使用置信度 0.9 检测按钮 view_all_content.png 失败：The confidence keyword argument is only available if OpenCV is installed.
2026-05-29 16:21:11 [DEBUG] 使用置信度 0.8 检测按钮 view_all_content.png 失败：The confidence keyword argument is only available if OpenCV is installed.
2026-05-29 16:21:11 [DEBUG] 使用置信度 0.7 检测按钮 view_all_content.png 失败：The confidence keyword argument is only available if OpenCV is installed.
2026-05-29 16:21:11 [DEBUG] 按钮图片不存在：C:\Users\EDY\Desktop\BOT_TEST\button_images\continue.png
2026-05-29 16:21:11 [DEBUG] 按钮图片不存在：C:\Users\EDY\Desktop\BOT_TEST\button_images\ok.png
2026-05-29 16:21:11 [DEBUG] 使用置信度 0.9 检测按钮 view_all_content.png 失败：The confidence keyword argument is only available if OpenCV is installed.
2026-05-29 16:21:11 [DEBUG] 使用置信度 0.8 检测按钮 view_all_content.png 失败：The confidence keyword argument is only available if OpenCV is installed.
2026-05-29 16:21:11 [DEBUG] 使用置信度 0.7 检测按钮 view_all_content.png 失败：The confidence keyword argument is only available if OpenCV is installed.
2026-05-29 16:21:11 [DEBUG] 按钮图片不存在：C:\Users\EDY\Desktop\BOT_TEST\button_images\continue.png
2026-05-29 16:21:11 [DEBUG] 按钮图片不存在：C:\Users\EDY\Desktop\BOT_TEST\button_images\ok.png
2026-05-29 16:21:11 [DEBUG] 使用置信度 0.9 检测按钮 view_all_content.png 失败：The confidence keyword argument is only available if OpenCV is installed.
2026-05-29 16:21:11 [DEBUG] 使用置信度 0.8 检测按钮 view_all_content.png 失败：The confidence keyword argument is only available if OpenCV is installed.
2026-05-29 16:21:11 [DEBUG] 使用置信度 0.7 检测按钮 view_all_content.png 失败：The confidence keyword argument is only available if OpenCV is installed.
2026-05-29 16:21:11 [DEBUG] 按钮图片不存在：C:\Users\EDY\Desktop\BOT_TEST\button_images\continue.png
2026-05-29 16:21:11 [DEBUG] 按钮图片不存在：C:\Users\EDY\Desktop\BOT_TEST\button_images\ok.png
2026-05-29 16:21:12 [DEBUG] 使用置信度 0.9 检测按钮 view_all_content.png 失败：The confidence keyword argument is only available if OpenCV is installed.
2026-05-29 16:21:12 [DEBUG] 使用置信度 0.8 检测按钮 view_all_content.png 失败：The confidence keyword argument is only available if OpenCV is installed.
2026-05-29 16:21:12 [DEBUG] 使用置信度 0.7 检测按钮 view_all_content.png 失败：The confidence keyword argument is only available if OpenCV is installed.
2026-05-29 16:21:12 [DEBUG] 按钮图片不存在：C:\Users\EDY\Desktop\BOT_TEST\button_images\continue.png
2026-05-29 16:21:12 [DEBUG] 按钮图片不存在：C:\Users\EDY\Desktop\BOT_TEST\button_images\ok.png
2026-05-29 16:21:12 [DEBUG] 使用置信度 0.9 检测按钮 view_all_content.png 失败：The confidence keyword argument is only available if OpenCV is installed.
2026-05-29 16:21:12 [DEBUG] 使用置信度 0.8 检测按钮 view_all_content.png 失败：The confidence keyword argument is only available if OpenCV is installed.
2026-05-29 16:21:12 [DEBUG] 使用置信度 0.7 检测按钮 view_all_content.png 失败：The confidence keyword argument is only available if OpenCV is installed.
2026-05-29 16:21:12 [DEBUG] 按钮图片不存在：C:\Users\EDY\Desktop\BOT_TEST\button_images\continue.png
2026-05-29 16:21:12 [DEBUG] 按钮图片不存在：C:\Users\EDY\Desktop\BOT_TEST\button_images\ok.png
2026-05-29 16:21:12 [DEBUG] 使用置信度 0.9 检测按钮 view_all_content.png 失败：The confidence keyword argument is only available if OpenCV is installed.
2026-05-29 16:21:12 [DEBUG] 使用置信度 0.8 检测按钮 view_all_content.png 失败：The confidence keyword argument is only available if OpenCV is installed.
2026-05-29 16:21:12 [DEBUG] 使用置信度 0.7 检测按钮 view_all_content.png 失败：The confidence keyword argument is only available if OpenCV is installed.
2026-05-29 16:21:12 [DEBUG] 按钮图片不存在：C:\Users\EDY\Desktop\BOT_TEST\button_images\continue.png
2026-05-29 16:21:12 [DEBUG] 按钮图片不存在：C:\Users\EDY\Desktop\BOT_TEST\button_images\ok.png
2026-05-29 16:21:12 [DEBUG] 使用置信度 0.9 检测按钮 view_all_content.png 失败：The confidence keyword argument is only available if OpenCV is installed.
2026-05-29 16:21:12 [DEBUG] 使用置信度 0.8 检测按钮 view_all_content.png 失败：The confidence keyword argument is only available if OpenCV is installed.
2026-05-29 16:21:12 [DEBUG] 使用置信度 0.7 检测按钮 view_all_content.png 失败：The confidence keyword argument is only available if OpenCV is installed.
2026-05-29 16:21:12 [DEBUG] 按钮图片不存在：C:\Users\EDY\Desktop\BOT_TEST\button_images\continue.png
2026-05-29 16:21:12 [DEBUG] 按钮图片不存在：C:\Users\EDY\Desktop\BOT_TEST\button_images\ok.png
2026-05-29 16:21:13 [DEBUG] 使用置信度 0.9 检测按钮 view_all_content.png 失败：The confidence keyword argument is only available if OpenCV is installed.
2026-05-29 16:21:13 [DEBUG] 使用置信度 0.8 检测按钮 view_all_content.png 失败：The confidence keyword argument is only available if OpenCV is installed.
2026-05-29 16:21:13 [DEBUG] 使用置信度 0.7 检测按钮 view_all_content.png 失败：The confidence keyword argument is only available if OpenCV is installed.
2026-05-29 16:21:13 [DEBUG] 按钮图片不存在：C:\Users\EDY\Desktop\BOT_TEST\button_images\continue.png
2026-05-29 16:21:13 [DEBUG] 按钮图片不存在：C:\Users\EDY\Desktop\BOT_TEST\button_images\ok.png
2026-05-29 16:21:13 [DEBUG] 使用置信度 0.9 检测按钮 view_all_content.png 失败：The confidence keyword argument is only available if OpenCV is installed.
2026-05-29 16:21:13 [DEBUG] 使用置信度 0.8 检测按钮 view_all_content.png 失败：The confidence keyword argument is only available if OpenCV is installed.
2026-05-29 16:21:13 [DEBUG] 使用置信度 0.7 检测按钮 view_all_content.png 失败：The confidence keyword argument is only available if OpenCV is installed.
2026-05-29 16:21:13 [DEBUG] 按钮图片不存在：C:\Users\EDY\Desktop\BOT_TEST\button_images\continue.png
2026-05-29 16:21:13 [DEBUG] 按钮图片不存在：C:\Users\EDY\Desktop\BOT_TEST\button_images\ok.png
2026-05-29 16:21:13 [DEBUG] 使用置信度 0.9 检测按钮 view_all_content.png 失败：The confidence keyword argument is only available if OpenCV is installed.
2026-05-29 16:21:13 [DEBUG] 使用置信度 0.8 检测按钮 view_all_content.png 失败：The confidence keyword argument is only available if OpenCV is installed.
2026-05-29 16:21:13 [DEBUG] 使用置信度 0.7 检测按钮 view_all_content.png 失败：The confidence keyword argument is only available if OpenCV is installed.
2026-05-29 16:21:13 [DEBUG] 按钮图片不存在：C:\Users\EDY\Desktop\BOT_TEST\button_images\continue.png
2026-05-29 16:21:13 [DEBUG] 按钮图片不存在：C:\Users\EDY\Desktop\BOT_TEST\button_images\ok.png
2026-05-29 16:21:13 [DEBUG] 使用置信度 0.9 检测按钮 view_all_content.png 失败：The confidence keyword argument is only available if OpenCV is installed.
2026-05-29 16:21:13 [DEBUG] 使用置信度 0.8 检测按钮 view_all_content.png 失败：The confidence keyword argument is only available if OpenCV is installed.
2026-05-29 16:21:13 [DEBUG] 使用置信度 0.7 检测按钮 view_all_content.png 失败：The confidence keyword argument is only available if OpenCV is installed.
2026-05-29 16:21:13 [DEBUG] 按钮图片不存在：C:\Users\EDY\Desktop\BOT_TEST\button_images\continue.png
2026-05-29 16:21:13 [DEBUG] 按钮图片不存在：C:\Users\EDY\Desktop\BOT_TEST\button_images\ok.png
2026-05-29 16:21:13 [DEBUG] 使用置信度 0.9 检测按钮 view_all_content.png 失败：The confidence keyword argument is only available if OpenCV is installed.
2026-05-29 16:21:13 [DEBUG] 使用置信度 0.8 检测按钮 view_all_content.png 失败：The confidence keyword argument is only available if OpenCV is installed.
2026-05-29 16:21:14 [DEBUG] 使用置信度 0.7 检测按钮 view_all_content.png 失败：The confidence keyword argument is only available if OpenCV is installed.
2026-05-29 16:21:14 [DEBUG] 按钮图片不存在：C:\Users\EDY\Desktop\BOT_TEST\button_images\continue.png
2026-05-29 16:21:14 [DEBUG] 按钮图片不存在：C:\Users\EDY\Desktop\BOT_TEST\button_images\ok.png
2026-05-29 16:21:14 [DEBUG] 使用置信度 0.9 检测按钮 view_all_content.png 失败：The confidence keyword argument is only available if OpenCV is installed.
2026-05-29 16:21:14 [DEBUG] 使用置信度 0.8 检测按钮 view_all_content.png 失败：The confidence keyword argument is only available if OpenCV is installed.
2026-05-29 16:21:14 [DEBUG] 使用置信度 0.7 检测按钮 view_all_content.png 失败：The confidence keyword argument is only available if OpenCV is installed.
2026-05-29 16:21:14 [DEBUG] 按钮图片不存在：C:\Users\EDY\Desktop\BOT_TEST\button_images\continue.png
2026-05-29 16:21:14 [DEBUG] 按钮图片不存在：C:\Users\EDY\Desktop\BOT_TEST\button_images\ok.png
2026-05-29 16:21:14 [DEBUG] 使用置信度 0.9 检测按钮 view_all_content.png 失败：The confidence keyword argument is only available if OpenCV is installed.
2026-05-29 16:21:14 [DEBUG] 使用置信度 0.8 检测按钮 view_all_content.png 失败：The confidence keyword argument is only available if OpenCV is installed.
2026-05-29 16:21:14 [DEBUG] 使用置信度 0.7 检测按钮 view_all_content.png 失败：The confidence keyword argument is only available if OpenCV is installed.
2026-05-29 16:21:14 [DEBUG] 按钮图片不存在：C:\Users\EDY\Desktop\BOT_TEST\button_images\continue.png
2026-05-29 16:21:14 [DEBUG] 按钮图片不存在：C:\Users\EDY\Desktop\BOT_TEST\button_images\ok.png
2026-05-29 16:21:14 [DEBUG] 使用置信度 0.9 检测按钮 view_all_content.png 失败：The confidence keyword argument is only available if OpenCV is installed.
2026-05-29 16:21:14 [DEBUG] 使用置信度 0.8 检测按钮 view_all_content.png 失败：The confidence keyword argument is only available if OpenCV is installed.
2026-05-29 16:21:14 [DEBUG] 使用置信度 0.7 检测按钮 view_all_content.png 失败：The confidence keyword argument is only available if OpenCV is installed.
2026-05-29 16:21:14 [DEBUG] 按钮图片不存在：C:\Users\EDY\Desktop\BOT_TEST\button_images\continue.png
2026-05-29 16:21:14 [DEBUG] 按钮图片不存在：C:\Users\EDY\Desktop\BOT_TEST\button_images\ok.png
2026-05-29 16:21:14 [DEBUG] 使用置信度 0.9 检测按钮 view_all_content.png 失败：The confidence keyword argument is only available if OpenCV is installed.
2026-05-29 16:21:14 [DEBUG] 使用置信度 0.8 检测按钮 view_all_content.png 失败：The confidence keyword argument is only available if OpenCV is installed.
2026-05-29 16:21:14 [DEBUG] 使用置信度 0.7 检测按钮 view_all_content.png 失败：The confidence keyword argument is only available if OpenCV is installed.
2026-05-29 16:21:14 [DEBUG] 按钮图片不存在：C:\Users\EDY\Desktop\BOT_TEST\button_images\continue.png
2026-05-29 16:21:14 [DEBUG] 按钮图片不存在：C:\Users\EDY\Desktop\BOT_TEST\button_images\ok.png
2026-05-29 16:21:15 [DEBUG] 使用置信度 0.9 检测按钮 view_all_content.png 失败：The confidence keyword argument is only available if OpenCV is installed.
2026-05-29 16:21:15 [DEBUG] 使用置信度 0.8 检测按钮 view_all_content.png 失败：The confidence keyword argument is only available if OpenCV is installed.
2026-05-29 16:21:15 [DEBUG] 使用置信度 0.7 检测按钮 view_all_content.png 失败：The confidence keyword argument is only available if OpenCV is installed.
2026-05-29 16:21:15 [DEBUG] 按钮图片不存在：C:\Users\EDY\Desktop\BOT_TEST\button_images\continue.png
2026-05-29 16:21:15 [DEBUG] 按钮图片不存在：C:\Users\EDY\Desktop\BOT_TEST\button_images\ok.png
2026-05-29 16:21:15 [DEBUG] 使用置信度 0.9 检测按钮 view_all_content.png 失败：The confidence keyword argument is only available if OpenCV is installed.
2026-05-29 16:21:15 [DEBUG] 使用置信度 0.8 检测按钮 view_all_content.png 失败：The confidence keyword argument is only available if OpenCV is installed.
2026-05-29 16:21:15 [DEBUG] 使用置信度 0.7 检测按钮 view_all_content.png 失败：The confidence keyword argument is only available if OpenCV is installed.
2026-05-29 16:21:15 [DEBUG] 按钮图片不存在：C:\Users\EDY\Desktop\BOT_TEST\button_images\continue.png
2026-05-29 16:21:15 [DEBUG] 按钮图片不存在：C:\Users\EDY\Desktop\BOT_TEST\button_images\ok.png
2026-05-29 16:21:15 [DEBUG] 使用置信度 0.9 检测按钮 view_all_content.png 失败：The confidence keyword argument is only available if OpenCV is installed.
2026-05-29 16:21:15 [DEBUG] 使用置信度 0.8 检测按钮 view_all_content.png 失败：The confidence keyword argument is only available if OpenCV is installed.
2026-05-29 16:21:15 [DEBUG] 使用置信度 0.7 检测按钮 view_all_content.png 失败：The confidence keyword argument is only available if OpenCV is installed.
2026-05-29 16:21:15 [DEBUG] 按钮图片不存在：C:\Users\EDY\Desktop\BOT_TEST\button_images\continue.png
2026-05-29 16:21:15 [DEBUG] 按钮图片不存在：C:\Users\EDY\Desktop\BOT_TEST\button_images\ok.png
2026-05-29 16:21:15 [DEBUG] 使用置信度 0.9 检测按钮 view_all_content.png 失败：The confidence keyword argument is only available if OpenCV is installed.
2026-05-29 16:21:15 [DEBUG] 使用置信度 0.8 检测按钮 view_all_content.png 失败：The confidence keyword argument is only available if OpenCV is installed.
2026-05-29 16:21:15 [DEBUG] 使用置信度 0.7 检测按钮 view_all_content.png 失败：The confidence keyword argument is only available if OpenCV is installed.
2026-05-29 16:21:15 [DEBUG] 按钮图片不存在：C:\Users\EDY\Desktop\BOT_TEST\button_images\continue.png
2026-05-29 16:21:15 [DEBUG] 按钮图片不存在：C:\Users\EDY\Desktop\BOT_TEST\button_images\ok.png
2026-05-29 16:21:15 [DEBUG] 使用置信度 0.9 检测按钮 view_all_content.png 失败：The confidence keyword argument is only available if OpenCV is installed.
2026-05-29 16:21:15 [DEBUG] 使用置信度 0.8 检测按钮 view_all_content.png 失败：The confidence keyword argument is only available if OpenCV is installed.
2026-05-29 16:21:15 [DEBUG] 使用置信度 0.7 检测按钮 view_all_content.png 失败：The confidence keyword argument is only available if OpenCV is installed.
2026-05-29 16:21:15 [DEBUG] 按钮图片不存在：C:\Users\EDY\Desktop\BOT_TEST\button_images\continue.png
2026-05-29 16:21:15 [DEBUG] 按钮图片不存在：C:\Users\EDY\Desktop\BOT_TEST\button_images\ok.png
2026-05-29 16:21:16 [DEBUG] 使用置信度 0.9 检测按钮 view_all_content.png 失败：The confidence keyword argument is only available if OpenCV is installed.
2026-05-29 16:21:16 [DEBUG] 使用置信度 0.8 检测按钮 view_all_content.png 失败：The confidence keyword argument is only available if OpenCV is installed.
2026-05-29 16:21:16 [DEBUG] 使用置信度 0.7 检测按钮 view_all_content.png 失败：The confidence keyword argument is only available if OpenCV is installed.
2026-05-29 16:21:16 [DEBUG] 按钮图片不存在：C:\Users\EDY\Desktop\BOT_TEST\button_images\continue.png
2026-05-29 16:21:16 [DEBUG] 按钮图片不存在：C:\Users\EDY\Desktop\BOT_TEST\button_images\ok.png
2026-05-29 16:21:16 [DEBUG] 使用置信度 0.9 检测按钮 view_all_content.png 失败：The confidence keyword argument is only available if OpenCV is installed.
2026-05-29 16:21:16 [DEBUG] 使用置信度 0.8 检测按钮 view_all_content.png 失败：The confidence keyword argument is only available if OpenCV is installed.
2026-05-29 16:21:16 [DEBUG] 使用置信度 0.7 检测按钮 view_all_content.png 失败：The confidence keyword argument is only available if OpenCV is installed.
2026-05-29 16:21:16 [DEBUG] 按钮图片不存在：C:\Users\EDY\Desktop\BOT_TEST\button_images\continue.png
2026-05-29 16:21:16 [DEBUG] 按钮图片不存在：C:\Users\EDY\Desktop\BOT_TEST\button_images\ok.png
2026-05-29 16:21:16 [DEBUG] 使用置信度 0.9 检测按钮 view_all_content.png 失败：The confidence keyword argument is only available if OpenCV is installed.
2026-05-29 16:21:16 [DEBUG] 使用置信度 0.8 检测按钮 view_all_content.png 失败：The confidence keyword argument is only available if OpenCV is installed.
2026-05-29 16:21:16 [DEBUG] 使用置信度 0.7 检测按钮 view_all_content.png 失败：The confidence keyword argument is only available if OpenCV is installed.
2026-05-29 16:21:16 [DEBUG] 按钮图片不存在：C:\Users\EDY\Desktop\BOT_TEST\button_images\continue.png
2026-05-29 16:21:16 [DEBUG] 按钮图片不存在：C:\Users\EDY\Desktop\BOT_TEST\button_images\ok.png
2026-05-29 16:21:16 [DEBUG] 使用置信度 0.9 检测按钮 view_all_content.png 失败：The confidence keyword argument is only available if OpenCV is installed.
2026-05-29 16:21:16 [DEBUG] 使用置信度 0.8 检测按钮 view_all_content.png 失败：The confidence keyword argument is only available if OpenCV is installed.
2026-05-29 16:21:16 [DEBUG] 使用置信度 0.7 检测按钮 view_all_content.png 失败：The confidence keyword argument is only available if OpenCV is installed.
2026-05-29 16:21:16 [DEBUG] 按钮图片不存在：C:\Users\EDY\Desktop\BOT_TEST\button_images\continue.png
2026-05-29 16:21:16 [DEBUG] 按钮图片不存在：C:\Users\EDY\Desktop\BOT_TEST\button_images\ok.png
2026-05-29 16:21:16 [DEBUG] 使用置信度 0.9 检测按钮 view_all_content.png 失败：The confidence keyword argument is only available if OpenCV is installed.
2026-05-29 16:21:17 [DEBUG] 使用置信度 0.8 检测按钮 view_all_content.png 失败：The confidence keyword argument is only available if OpenCV is installed.
2026-05-29 16:21:17 [DEBUG] 使用置信度 0.7 检测按钮 view_all_content.png 失败：The confidence keyword argument is only available if OpenCV is installed.
2026-05-29 16:21:17 [DEBUG] 按钮图片不存在：C:\Users\EDY\Desktop\BOT_TEST\button_images\continue.png
2026-05-29 16:21:17 [DEBUG] 按钮图片不存在：C:\Users\EDY\Desktop\BOT_TEST\button_images\ok.png
2026-05-29 16:21:17 [DEBUG] 使用置信度 0.9 检测按钮 view_all_content.png 失败：The confidence keyword argument is only available if OpenCV is installed.
2026-05-29 16:21:17 [DEBUG] 使用置信度 0.8 检测按钮 view_all_content.png 失败：The confidence keyword argument is only available if OpenCV is installed.
2026-05-29 16:21:17 [DEBUG] 使用置信度 0.7 检测按钮 view_all_content.png 失败：The confidence keyword argument is only available if OpenCV is installed.
2026-05-29 16:21:17 [DEBUG] 按钮图片不存在：C:\Users\EDY\Desktop\BOT_TEST\button_images\continue.png
2026-05-29 16:21:17 [DEBUG] 按钮图片不存在：C:\Users\EDY\Desktop\BOT_TEST\button_images\ok.png
2026-05-29 16:21:17 [DEBUG] 使用置信度 0.9 检测按钮 view_all_content.png 失败：The confidence keyword argument is only available if OpenCV is installed.
2026-05-29 16:21:17 [DEBUG] 使用置信度 0.8 检测按钮 view_all_content.png 失败：The confidence keyword argument is only available if OpenCV is installed.
2026-05-29 16:21:17 [DEBUG] 使用置信度 0.7 检测按钮 view_all_content.png 失败：The confidence keyword argument is only available if OpenCV is installed.
2026-05-29 16:21:17 [DEBUG] 按钮图片不存在：C:\Users\EDY\Desktop\BOT_TEST\button_images\continue.png
2026-05-29 16:21:17 [DEBUG] 按钮图片不存在：C:\Users\EDY\Desktop\BOT_TEST\button_images\ok.png
2026-05-29 16:21:17 [DEBUG] 使用置信度 0.9 检测按钮 view_all_content.png 失败：The confidence keyword argument is only available if OpenCV is installed.
2026-05-29 16:21:17 [DEBUG] 使用置信度 0.8 检测按钮 view_all_content.png 失败：The confidence keyword argument is only available if OpenCV is installed.
2026-05-29 16:21:17 [DEBUG] 使用置信度 0.7 检测按钮 view_all_content.png 失败：The confidence keyword argument is only available if OpenCV is installed.
2026-05-29 16:21:17 [DEBUG] 按钮图片不存在：C:\Users\EDY\Desktop\BOT_TEST\button_images\continue.png
2026-05-29 16:21:17 [DEBUG] 按钮图片不存在：C:\Users\EDY\Desktop\BOT_TEST\button_images\ok.png
2026-05-29 16:21:17 [DEBUG] 使用置信度 0.9 检测按钮 view_all_content.png 失败：The confidence keyword argument is only available if OpenCV is installed.
2026-05-29 16:21:17 [DEBUG] 使用置信度 0.8 检测按钮 view_all_content.png 失败：The confidence keyword argument is only available if OpenCV is installed.
2026-05-29 16:21:17 [DEBUG] 使用置信度 0.7 检测按钮 view_all_content.png 失败：The confidence keyword argument is only available if OpenCV is installed.
2026-05-29 16:21:17 [DEBUG] 按钮图片不存在：C:\Users\EDY\Desktop\BOT_TEST\button_images\continue.png
2026-05-29 16:21:17 [DEBUG] 按钮图片不存在：C:\Users\EDY\Desktop\BOT_TEST\button_images\ok.png
2026-05-29 16:21:18 [DEBUG] 使用置信度 0.9 检测按钮 view_all_content.png 失败：The confidence keyword argument is only available if OpenCV is installed.
2026-05-29 16:21:18 [DEBUG] 使用置信度 0.8 检测按钮 view_all_content.png 失败：The confidence keyword argument is only available if OpenCV is installed.
2026-05-29 16:21:18 [DEBUG] 使用置信度 0.7 检测按钮 view_all_content.png 失败：The confidence keyword argument is only available if OpenCV is installed.
2026-05-29 16:21:18 [DEBUG] 按钮图片不存在：C:\Users\EDY\Desktop\BOT_TEST\button_images\continue.png
2026-05-29 16:21:18 [DEBUG] 按钮图片不存在：C:\Users\EDY\Desktop\BOT_TEST\button_images\ok.png
2026-05-29 16:21:18 [DEBUG] 使用置信度 0.9 检测按钮 view_all_content.png 失败：The confidence keyword argument is only available if OpenCV is installed.
2026-05-29 16:21:18 [DEBUG] 使用置信度 0.8 检测按钮 view_all_content.png 失败：The confidence keyword argument is only available if OpenCV is installed.
2026-05-29 16:21:18 [DEBUG] 使用置信度 0.7 检测按钮 view_all_content.png 失败：The confidence keyword argument is only available if OpenCV is installed.
2026-05-29 16:21:18 [DEBUG] 按钮图片不存在：C:\Users\EDY\Desktop\BOT_TEST\button_images\continue.png
2026-05-29 16:21:18 [DEBUG] 按钮图片不存在：C:\Users\EDY\Desktop\BOT_TEST\button_images\ok.png
2026-05-29 16:21:18 [DEBUG] 使用置信度 0.9 检测按钮 view_all_content.png 失败：The confidence keyword argument is only available if OpenCV is installed.
2026-05-29 16:21:18 [DEBUG] 使用置信度 0.8 检测按钮 view_all_content.png 失败：The confidence keyword argument is only available if OpenCV is installed.
2026-05-29 16:21:18 [DEBUG] 使用置信度 0.7 检测按钮 view_all_content.png 失败：The confidence keyword argument is only available if OpenCV is installed.
2026-05-29 16:21:18 [DEBUG] 按钮图片不存在：C:\Users\EDY\Desktop\BOT_TEST\button_images\continue.png
2026-05-29 16:21:18 [DEBUG] 按钮图片不存在：C:\Users\EDY\Desktop\BOT_TEST\button_images\ok.png
2026-05-29 16:21:18 [DEBUG] 使用置信度 0.9 检测按钮 view_all_content.png 失败：The confidence keyword argument is only available if OpenCV is installed.
2026-05-29 16:21:18 [DEBUG] 使用置信度 0.8 检测按钮 view_all_content.png 失败：The confidence keyword argument is only available if OpenCV is installed.
2026-05-29 16:21:18 [DEBUG] 使用置信度 0.7 检测按钮 view_all_content.png 失败：The confidence keyword argument is only available if OpenCV is installed.
2026-05-29 16:21:18 [DEBUG] 按钮图片不存在：C:\Users\EDY\Desktop\BOT_TEST\button_images\continue.png
2026-05-29 16:21:18 [DEBUG] 按钮图片不存在：C:\Users\EDY\Desktop\BOT_TEST\button_images\ok.png
2026-05-29 16:21:18 [DEBUG] 使用置信度 0.9 检测按钮 view_all_content.png 失败：The confidence keyword argument is only available if OpenCV is installed.
2026-05-29 16:21:18 [DEBUG] 使用置信度 0.8 检测按钮 view_all_content.png 失败：The confidence keyword argument is only available if OpenCV is installed.
2026-05-29 16:21:18 [DEBUG] 使用置信度 0.7 检测按钮 view_all_content.png 失败：The confidence keyword argument is only available if OpenCV is installed.
2026-05-29 16:21:18 [DEBUG] 按钮图片不存在：C:\Users\EDY\Desktop\BOT_TEST\button_images\continue.png
2026-05-29 16:21:18 [DEBUG] 按钮图片不存在：C:\Users\EDY\Desktop\BOT_TEST\button_images\ok.png
2026-05-29 16:21:19 [DEBUG] 使用置信度 0.9 检测按钮 view_all_content.png 失败：The confidence keyword argument is only available if OpenCV is installed.
2026-05-29 16:21:19 [DEBUG] 使用置信度 0.8 检测按钮 view_all_content.png 失败：The confidence keyword argument is only available if OpenCV is installed.
2026-05-29 16:21:19 [DEBUG] 使用置信度 0.7 检测按钮 view_all_content.png 失败：The confidence keyword argument is only available if OpenCV is installed.
2026-05-29 16:21:19 [DEBUG] 按钮图片不存在：C:\Users\EDY\Desktop\BOT_TEST\button_images\continue.png
2026-05-29 16:21:19 [DEBUG] 按钮图片不存在：C:\Users\EDY\Desktop\BOT_TEST\button_images\ok.png
2026-05-29 16:21:19 [DEBUG] 使用置信度 0.9 检测按钮 view_all_content.png 失败：The confidence keyword argument is only available if OpenCV is installed.
2026-05-29 16:21:19 [DEBUG] 使用置信度 0.8 检测按钮 view_all_content.png 失败：The confidence keyword argument is only available if OpenCV is installed.
2026-05-29 16:21:19 [DEBUG] 使用置信度 0.7 检测按钮 view_all_content.png 失败：The confidence keyword argument is only available if OpenCV is installed.
2026-05-29 16:21:19 [DEBUG] 按钮图片不存在：C:\Users\EDY\Desktop\BOT_TEST\button_images\continue.png
2026-05-29 16:21:19 [DEBUG] 按钮图片不存在：C:\Users\EDY\Desktop\BOT_TEST\button_images\ok.png
2026-05-29 16:21:19 [DEBUG] 使用置信度 0.9 检测按钮 view_all_content.png 失败：The confidence keyword argument is only available if OpenCV is installed.
2026-05-29 16:21:19 [DEBUG] 使用置信度 0.8 检测按钮 view_all_content.png 失败：The confidence keyword argument is only available if OpenCV is installed.
2026-05-29 16:21:19 [DEBUG] 使用置信度 0.7 检测按钮 view_all_content.png 失败：The confidence keyword argument is only available if OpenCV is installed.
2026-05-29 16:21:19 [DEBUG] 按钮图片不存在：C:\Users\EDY\Desktop\BOT_TEST\button_images\continue.png
2026-05-29 16:21:19 [DEBUG] 按钮图片不存在：C:\Users\EDY\Desktop\BOT_TEST\button_images\ok.png
2026-05-29 16:21:19 [DEBUG] 使用置信度 0.9 检测按钮 view_all_content.png 失败：The confidence keyword argument is only available if OpenCV is installed.
2026-05-29 16:21:19 [DEBUG] 使用置信度 0.8 检测按钮 view_all_content.png 失败：The confidence keyword argument is only available if OpenCV is installed.
2026-05-29 16:21:19 [DEBUG] 使用置信度 0.7 检测按钮 view_all_content.png 失败：The confidence keyword argument is only available if OpenCV is installed.
2026-05-29 16:21:19 [DEBUG] 按钮图片不存在：C:\Users\EDY\Desktop\BOT_TEST\button_images\continue.png
2026-05-29 16:21:19 [DEBUG] 按钮图片不存在：C:\Users\EDY\Desktop\BOT_TEST\button_images\ok.png
2026-05-29 16:21:19 [DEBUG] 使用置信度 0.9 检测按钮 view_all_content.png 失败：The confidence keyword argument is only available if OpenCV is installed.
2026-05-29 16:21:20 [DEBUG] 使用置信度 0.8 检测按钮 view_all_content.png 失败：The confidence keyword argument is only available if OpenCV is installed.
2026-05-29 16:21:20 [DEBUG] 使用置信度 0.7 检测按钮 view_all_content.png 失败：The confidence keyword argument is only available if OpenCV is installed.
2026-05-29 16:21:20 [DEBUG] 按钮图片不存在：C:\Users\EDY\Desktop\BOT_TEST\button_images\continue.png
2026-05-29 16:21:20 [DEBUG] 按钮图片不存在：C:\Users\EDY\Desktop\BOT_TEST\button_images\ok.png
2026-05-29 16:21:20 [DEBUG] 使用置信度 0.9 检测按钮 view_all_content.png 失败：The confidence keyword argument is only available if OpenCV is installed.
2026-05-29 16:21:20 [DEBUG] 使用置信度 0.8 检测按钮 view_all_content.png 失败：The confidence keyword argument is only available if OpenCV is installed.
2026-05-29 16:21:20 [DEBUG] 使用置信度 0.7 检测按钮 view_all_content.png 失败：The confidence keyword argument is only available if OpenCV is installed.
2026-05-29 16:21:20 [DEBUG] 按钮图片不存在：C:\Users\EDY\Desktop\BOT_TEST\button_images\continue.png
2026-05-29 16:21:20 [DEBUG] 按钮图片不存在：C:\Users\EDY\Desktop\BOT_TEST\button_images\ok.png
2026-05-29 16:21:20 [DEBUG] 使用置信度 0.9 检测按钮 view_all_content.png 失败：The confidence keyword argument is only available if OpenCV is installed.
2026-05-29 16:21:20 [DEBUG] 使用置信度 0.8 检测按钮 view_all_content.png 失败：The confidence keyword argument is only available if OpenCV is installed.
2026-05-29 16:21:20 [DEBUG] 使用置信度 0.7 检测按钮 view_all_content.png 失败：The confidence keyword argument is only available if OpenCV is installed.
2026-05-29 16:21:20 [DEBUG] 按钮图片不存在：C:\Users\EDY\Desktop\BOT_TEST\button_images\continue.png
2026-05-29 16:21:20 [DEBUG] 按钮图片不存在：C:\Users\EDY\Desktop\BOT_TEST\button_images\ok.png
2026-05-29 16:21:20 [DEBUG] 使用置信度 0.9 检测按钮 view_all_content.png 失败：The confidence keyword argument is only available if OpenCV is installed.
2026-05-29 16:21:20 [DEBUG] 使用置信度 0.8 检测按钮 view_all_content.png 失败：The confidence keyword argument is only available if OpenCV is installed.
2026-05-29 16:21:20 [DEBUG] 使用置信度 0.7 检测按钮 view_all_content.png 失败：The confidence keyword argument is only available if OpenCV is installed.
2026-05-29 16:21:20 [DEBUG] 按钮图片不存在：C:\Users\EDY\Desktop\BOT_TEST\button_images\continue.png
2026-05-29 16:21:20 [DEBUG] 按钮图片不存在：C:\Users\EDY\Desktop\BOT_TEST\button_images\ok.png
2026-05-29 16:21:20 [DEBUG] 使用置信度 0.9 检测按钮 view_all_content.png 失败：The confidence keyword argument is only available if OpenCV is installed.
2026-05-29 16:21:20 [DEBUG] 使用置信度 0.8 检测按钮 view_all_content.png 失败：The confidence keyword argument is only available if OpenCV is installed.
2026-05-29 16:21:20 [DEBUG] 使用置信度 0.7 检测按钮 view_all_content.png 失败：The confidence keyword argument is only available if OpenCV is installed.
2026-05-29 16:21:20 [DEBUG] 按钮图片不存在：C:\Users\EDY\Desktop\BOT_TEST\button_images\continue.png
2026-05-29 16:21:20 [DEBUG] 按钮图片不存在：C:\Users\EDY\Desktop\BOT_TEST\button_images\ok.png
2026-05-29 16:21:21 [DEBUG] 使用置信度 0.9 检测按钮 view_all_content.png 失败：The confidence keyword argument is only available if OpenCV is installed.
2026-05-29 16:21:21 [DEBUG] 使用置信度 0.8 检测按钮 view_all_content.png 失败：The confidence keyword argument is only available if OpenCV is installed.
2026-05-29 16:21:21 [DEBUG] 使用置信度 0.7 检测按钮 view_all_content.png 失败：The confidence keyword argument is only available if OpenCV is installed.
2026-05-29 16:21:21 [DEBUG] 按钮图片不存在：C:\Users\EDY\Desktop\BOT_TEST\button_images\continue.png
2026-05-29 16:21:21 [DEBUG] 按钮图片不存在：C:\Users\EDY\Desktop\BOT_TEST\button_images\ok.png
2026-05-29 16:21:21 [DEBUG] 使用置信度 0.9 检测按钮 view_all_content.png 失败：The confidence keyword argument is only available if OpenCV is installed.
2026-05-29 16:21:21 [DEBUG] 使用置信度 0.8 检测按钮 view_all_content.png 失败：The confidence keyword argument is only available if OpenCV is installed.
2026-05-29 16:21:21 [DEBUG] 使用置信度 0.7 检测按钮 view_all_content.png 失败：The confidence keyword argument is only available if OpenCV is installed.
2026-05-29 16:21:21 [DEBUG] 按钮图片不存在：C:\Users\EDY\Desktop\BOT_TEST\button_images\continue.png
2026-05-29 16:21:21 [DEBUG] 按钮图片不存在：C:\Users\EDY\Desktop\BOT_TEST\button_images\ok.png
2026-05-29 16:21:21 [DEBUG] 使用置信度 0.9 检测按钮 view_all_content.png 失败：The confidence keyword argument is only available if OpenCV is installed.
2026-05-29 16:21:21 [DEBUG] 使用置信度 0.8 检测按钮 view_all_content.png 失败：The confidence keyword argument is only available if OpenCV is installed.
2026-05-29 16:21:21 [DEBUG] 使用置信度 0.7 检测按钮 view_all_content.png 失败：The confidence keyword argument is only available if OpenCV is installed.
2026-05-29 16:21:21 [DEBUG] 按钮图片不存在：C:\Users\EDY\Desktop\BOT_TEST\button_images\continue.png
2026-05-29 16:21:21 [DEBUG] 按钮图片不存在：C:\Users\EDY\Desktop\BOT_TEST\button_images\ok.png
2026-05-29 16:21:21 [DEBUG] 使用置信度 0.9 检测按钮 view_all_content.png 失败：The confidence keyword argument is only available if OpenCV is installed.
2026-05-29 16:21:21 [DEBUG] 使用置信度 0.8 检测按钮 view_all_content.png 失败：The confidence keyword argument is only available if OpenCV is installed.
2026-05-29 16:21:21 [DEBUG] 使用置信度 0.7 检测按钮 view_all_content.png 失败：The confidence keyword argument is only available if OpenCV is installed.
2026-05-29 16:21:21 [DEBUG] 按钮图片不存在：C:\Users\EDY\Desktop\BOT_TEST\button_images\continue.png
2026-05-29 16:21:21 [DEBUG] 按钮图片不存在：C:\Users\EDY\Desktop\BOT_TEST\button_images\ok.png
2026-05-29 16:21:21 [DEBUG] 使用置信度 0.9 检测按钮 view_all_content.png 失败：The confidence keyword argument is only available if OpenCV is installed.
2026-05-29 16:21:21 [DEBUG] 使用置信度 0.8 检测按钮 view_all_content.png 失败：The confidence keyword argument is only available if OpenCV is installed.
2026-05-29 16:21:21 [DEBUG] 使用置信度 0.7 检测按钮 view_all_content.png 失败：The confidence keyword argument is only available if OpenCV is installed.
2026-05-29 16:21:21 [DEBUG] 按钮图片不存在：C:\Users\EDY\Desktop\BOT_TEST\button_images\continue.png
2026-05-29 16:21:21 [DEBUG] 按钮图片不存在：C:\Users\EDY\Desktop\BOT_TEST\button_images\ok.png
2026-05-29 16:21:22 [DEBUG] 使用置信度 0.9 检测按钮 view_all_content.png 失败：The confidence keyword argument is only available if OpenCV is installed.
2026-05-29 16:21:22 [DEBUG] 使用置信度 0.8 检测按钮 view_all_content.png 失败：The confidence keyword argument is only available if OpenCV is installed.
2026-05-29 16:21:22 [DEBUG] 使用置信度 0.7 检测按钮 view_all_content.png 失败：The confidence keyword argument is only available if OpenCV is installed.
2026-05-29 16:21:22 [DEBUG] 按钮图片不存在：C:\Users\EDY\Desktop\BOT_TEST\button_images\continue.png
2026-05-29 16:21:22 [DEBUG] 按钮图片不存在：C:\Users\EDY\Desktop\BOT_TEST\button_images\ok.png
2026-05-29 16:21:22 [DEBUG] 使用置信度 0.9 检测按钮 view_all_content.png 失败：The confidence keyword argument is only available if OpenCV is installed.
2026-05-29 16:21:22 [DEBUG] 使用置信度 0.8 检测按钮 view_all_content.png 失败：The confidence keyword argument is only available if OpenCV is installed.
2026-05-29 16:21:22 [DEBUG] 使用置信度 0.7 检测按钮 view_all_content.png 失败：The confidence keyword argument is only available if OpenCV is installed.
2026-05-29 16:21:22 [DEBUG] 按钮图片不存在：C:\Users\EDY\Desktop\BOT_TEST\button_images\continue.png
2026-05-29 16:21:22 [DEBUG] 按钮图片不存在：C:\Users\EDY\Desktop\BOT_TEST\button_images\ok.png
2026-05-29 16:21:22 [DEBUG] 使用置信度 0.9 检测按钮 view_all_content.png 失败：The confidence keyword argument is only available if OpenCV is installed.
2026-05-29 16:21:22 [DEBUG] 使用置信度 0.8 检测按钮 view_all_content.png 失败：The confidence keyword argument is only available if OpenCV is installed.
2026-05-29 16:21:22 [DEBUG] 使用置信度 0.7 检测按钮 view_all_content.png 失败：The confidence keyword argument is only available if OpenCV is installed.
2026-05-29 16:21:22 [DEBUG] 按钮图片不存在：C:\Users\EDY\Desktop\BOT_TEST\button_images\continue.png
2026-05-29 16:21:22 [DEBUG] 按钮图片不存在：C:\Users\EDY\Desktop\BOT_TEST\button_images\ok.png
2026-05-29 16:21:22 [DEBUG] 使用置信度 0.9 检测按钮 view_all_content.png 失败：The confidence keyword argument is only available if OpenCV is installed.
2026-05-29 16:21:22 [DEBUG] 使用置信度 0.8 检测按钮 view_all_content.png 失败：The confidence keyword argument is only available if OpenCV is installed.
2026-05-29 16:21:22 [DEBUG] 使用置信度 0.7 检测按钮 view_all_content.png 失败：The confidence keyword argument is only available if OpenCV is installed.
2026-05-29 16:21:22 [DEBUG] 按钮图片不存在：C:\Users\EDY\Desktop\BOT_TEST\button_images\continue.png
2026-05-29 16:21:22 [DEBUG] 按钮图片不存在：C:\Users\EDY\Desktop\BOT_TEST\button_images\ok.png
2026-05-29 16:21:22 [DEBUG] 使用置信度 0.9 检测按钮 view_all_content.png 失败：The confidence keyword argument is only available if OpenCV is installed.
2026-05-29 16:21:22 [DEBUG] 使用置信度 0.8 检测按钮 view_all_content.png 失败：The confidence keyword argument is only available if OpenCV is installed.
2026-05-29 16:21:23 [DEBUG] 使用置信度 0.7 检测按钮 view_all_content.png 失败：The confidence keyword argument is only available if OpenCV is installed.
2026-05-29 16:21:23 [DEBUG] 按钮图片不存在：C:\Users\EDY\Desktop\BOT_TEST\button_images\continue.png
2026-05-29 16:21:23 [DEBUG] 按钮图片不存在：C:\Users\EDY\Desktop\BOT_TEST\button_images\ok.png
2026-05-29 16:21:23 [DEBUG] 使用置信度 0.9 检测按钮 view_all_content.png 失败：The confidence keyword argument is only available if OpenCV is installed.
2026-05-29 16:21:23 [DEBUG] 使用置信度 0.8 检测按钮 view_all_content.png 失败：The confidence keyword argument is only available if OpenCV is installed.
2026-05-29 16:21:23 [DEBUG] 使用置信度 0.7 检测按钮 view_all_content.png 失败：The confidence keyword argument is only available if OpenCV is installed.
2026-05-29 16:21:23 [DEBUG] 按钮图片不存在：C:\Users\EDY\Desktop\BOT_TEST\button_images\continue.png
2026-05-29 16:21:23 [DEBUG] 按钮图片不存在：C:\Users\EDY\Desktop\BOT_TEST\button_images\ok.png
2026-05-29 16:21:23 [DEBUG] 使用置信度 0.9 检测按钮 view_all_content.png 失败：The confidence keyword argument is only available if OpenCV is installed.
2026-05-29 16:21:23 [DEBUG] 使用置信度 0.8 检测按钮 view_all_content.png 失败：The confidence keyword argument is only available if OpenCV is installed.
2026-05-29 16:21:23 [DEBUG] 使用置信度 0.7 检测按钮 view_all_content.png 失败：The confidence keyword argument is only available if OpenCV is installed.
2026-05-29 16:21:23 [DEBUG] 按钮图片不存在：C:\Users\EDY\Desktop\BOT_TEST\button_images\continue.png
2026-05-29 16:21:23 [DEBUG] 按钮图片不存在：C:\Users\EDY\Desktop\BOT_TEST\button_images\ok.png
2026-05-29 16:21:23 [DEBUG] 使用置信度 0.9 检测按钮 view_all_content.png 失败：The confidence keyword argument is only available if OpenCV is installed.
2026-05-29 16:21:23 [DEBUG] 使用置信度 0.8 检测按钮 view_all_content.png 失败：The confidence keyword argument is only available if OpenCV is installed.
2026-05-29 16:21:23 [DEBUG] 使用置信度 0.7 检测按钮 view_all_content.png 失败：The confidence keyword argument is only available if OpenCV is installed.
2026-05-29 16:21:23 [DEBUG] 按钮图片不存在：C:\Users\EDY\Desktop\BOT_TEST\button_images\continue.png
2026-05-29 16:21:23 [DEBUG] 按钮图片不存在：C:\Users\EDY\Desktop\BOT_TEST\button_images\ok.png
2026-05-29 16:21:23 [DEBUG] 使用置信度 0.9 检测按钮 view_all_content.png 失败：The confidence keyword argument is only available if OpenCV is installed.
2026-05-29 16:21:23 [DEBUG] 使用置信度 0.8 检测按钮 view_all_content.png 失败：The confidence keyword argument is only available if OpenCV is installed.
2026-05-29 16:21:23 [DEBUG] 使用置信度 0.7 检测按钮 view_all_content.png 失败：The confidence keyword argument is only available if OpenCV is installed.
2026-05-29 16:21:23 [DEBUG] 按钮图片不存在：C:\Users\EDY\Desktop\BOT_TEST\button_images\continue.png
2026-05-29 16:21:23 [DEBUG] 按钮图片不存在：C:\Users\EDY\Desktop\BOT_TEST\button_images\ok.png
2026-05-29 16:21:24 [DEBUG] 使用置信度 0.9 检测按钮 view_all_content.png 失败：The confidence keyword argument is only available if OpenCV is installed.
2026-05-29 16:21:24 [DEBUG] 使用置信度 0.8 检测按钮 view_all_content.png 失败：The confidence keyword argument is only available if OpenCV is installed.
2026-05-29 16:21:24 [DEBUG] 使用置信度 0.7 检测按钮 view_all_content.png 失败：The confidence keyword argument is only available if OpenCV is installed.
2026-05-29 16:21:24 [DEBUG] 按钮图片不存在：C:\Users\EDY\Desktop\BOT_TEST\button_images\continue.png
2026-05-29 16:21:24 [DEBUG] 按钮图片不存在：C:\Users\EDY\Desktop\BOT_TEST\button_images\ok.png
2026-05-29 16:21:24 [DEBUG] 使用置信度 0.9 检测按钮 view_all_content.png 失败：The confidence keyword argument is only available if OpenCV is installed.
2026-05-29 16:21:24 [DEBUG] 使用置信度 0.8 检测按钮 view_all_content.png 失败：The confidence keyword argument is only available if OpenCV is installed.
2026-05-29 16:21:24 [DEBUG] 使用置信度 0.7 检测按钮 view_all_content.png 失败：The confidence keyword argument is only available if OpenCV is installed.
2026-05-29 16:21:24 [DEBUG] 按钮图片不存在：C:\Users\EDY\Desktop\BOT_TEST\button_images\continue.png
2026-05-29 16:21:24 [DEBUG] 按钮图片不存在：C:\Users\EDY\Desktop\BOT_TEST\button_images\ok.png
2026-05-29 16:21:24 [DEBUG] 使用置信度 0.9 检测按钮 view_all_content.png 失败：The confidence keyword argument is only available if OpenCV is installed.
2026-05-29 16:21:24 [DEBUG] 使用置信度 0.8 检测按钮 view_all_content.png 失败：The confidence keyword argument is only available if OpenCV is installed.
2026-05-29 16:21:24 [DEBUG] 使用置信度 0.7 检测按钮 view_all_content.png 失败：The confidence keyword argument is only available if OpenCV is installed.
2026-05-29 16:21:24 [DEBUG] 按钮图片不存在：C:\Users\EDY\Desktop\BOT_TEST\button_images\continue.png
2026-05-29 16:21:24 [DEBUG] 按钮图片不存在：C:\Users\EDY\Desktop\BOT_TEST\button_images\ok.png
2026-05-29 16:21:24 [DEBUG] 使用置信度 0.9 检测按钮 view_all_content.png 失败：The confidence keyword argument is only available if OpenCV is installed.
2026-05-29 16:21:24 [DEBUG] 使用置信度 0.8 检测按钮 view_all_content.png 失败：The confidence keyword argument is only available if OpenCV is installed.
2026-05-29 16:21:24 [DEBUG] 使用置信度 0.7 检测按钮 view_all_content.png 失败：The confidence keyword argument is only available if OpenCV is installed.
2026-05-29 16:21:24 [DEBUG] 按钮图片不存在：C:\Users\EDY\Desktop\BOT_TEST\button_images\continue.png
2026-05-29 16:21:24 [DEBUG] 按钮图片不存在：C:\Users\EDY\Desktop\BOT_TEST\button_images\ok.png
2026-05-29 16:21:24 [DEBUG] 使用置信度 0.9 检测按钮 view_all_content.png 失败：The confidence keyword argument is only available if OpenCV is installed.
2026-05-29 16:21:25 [DEBUG] 使用置信度 0.8 检测按钮 view_all_content.png 失败：The confidence keyword argument is only available if OpenCV is installed.
2026-05-29 16:21:25 [DEBUG] 使用置信度 0.7 检测按钮 view_all_content.png 失败：The confidence keyword argument is only available if OpenCV is installed.
2026-05-29 16:21:25 [DEBUG] 按钮图片不存在：C:\Users\EDY\Desktop\BOT_TEST\button_images\continue.png
2026-05-29 16:21:25 [DEBUG] 按钮图片不存在：C:\Users\EDY\Desktop\BOT_TEST\button_images\ok.png
2026-05-29 16:21:25 [DEBUG] 使用置信度 0.9 检测按钮 view_all_content.png 失败：The confidence keyword argument is only available if OpenCV is installed.
2026-05-29 16:21:25 [DEBUG] 使用置信度 0.8 检测按钮 view_all_content.png 失败：The confidence keyword argument is only available if OpenCV is installed.
2026-05-29 16:21:25 [DEBUG] 使用置信度 0.7 检测按钮 view_all_content.png 失败：The confidence keyword argument is only available if OpenCV is installed.
2026-05-29 16:21:25 [DEBUG] 按钮图片不存在：C:\Users\EDY\Desktop\BOT_TEST\button_images\continue.png
2026-05-29 16:21:25 [DEBUG] 按钮图片不存在：C:\Users\EDY\Desktop\BOT_TEST\button_images\ok.png
2026-05-29 16:21:25 [DEBUG] 使用置信度 0.9 检测按钮 view_all_content.png 失败：The confidence keyword argument is only available if OpenCV is installed.
2026-05-29 16:21:25 [DEBUG] 使用置信度 0.8 检测按钮 view_all_content.png 失败：The confidence keyword argument is only available if OpenCV is installed.
2026-05-29 16:21:25 [DEBUG] 使用置信度 0.7 检测按钮 view_all_content.png 失败：The confidence keyword argument is only available if OpenCV is installed.
2026-05-29 16:21:25 [DEBUG] 按钮图片不存在：C:\Users\EDY\Desktop\BOT_TEST\button_images\continue.png
2026-05-29 16:21:25 [DEBUG] 按钮图片不存在：C:\Users\EDY\Desktop\BOT_TEST\button_images\ok.png
2026-05-29 16:21:25 [DEBUG] 使用置信度 0.9 检测按钮 view_all_content.png 失败：The confidence keyword argument is only available if OpenCV is installed.
2026-05-29 16:21:25 [DEBUG] 使用置信度 0.8 检测按钮 view_all_content.png 失败：The confidence keyword argument is only available if OpenCV is installed.
2026-05-29 16:21:25 [DEBUG] 重新应用筛选：昨日课量备份
2026-05-29 16:21:25 [DEBUG] 使用置信度 0.7 检测按钮 view_all_content.png 失败：The confidence keyword argument is only available if OpenCV is installed.
2026-05-29 16:21:25 [DEBUG] 按钮图片不存在：C:\Users\EDY\Desktop\BOT_TEST\button_images\continue.png
2026-05-29 16:21:25 [DEBUG] 按钮图片不存在：C:\Users\EDY\Desktop\BOT_TEST\button_images\ok.png
2026-05-29 16:21:25 [INFO] 处理Webhook：833b098e...
2026-05-29 16:21:25 [INFO] 开始截图，共 1 个区域
2026-05-29 16:21:25 [DEBUG] 截图区域地址: $A$1:$A$2
2026-05-29 16:21:25 [INFO] 弹窗守护线程结束
2026-05-29 16:21:27 [INFO] 截图成功：[test_webhook1] 工作表[sheet1] 区域[A1]
2026-05-29 16:21:27 [DEBUG] 已将所有工作表缩放比例恢复为100%
2026-05-29 16:21:35 [DEBUG] Excel 进程已释放
2026-05-29 16:21:35 [INFO] _deliver_results 被调用
2026-05-29 16:21:35 [INFO]   webhook: 833b098e...
2026-05-29 16:21:35 [INFO]   screenshots数量: 1
2026-05-29 16:21:35 [INFO]   send_file_enable: 1
2026-05-29 16:21:36 [INFO] 发送成功：截图 学员明细备份_test_webhook1_20260529_162125_874517.png
2026-05-29 16:21:36 [INFO] send_file_enable 为真，准备发送文件
2026-05-29 16:21:36 [INFO] 准备发送文件，file_path: C:/Users/EDY/OneDrive - PPLINGO PTE LTD/自动播报文件/学员明细备份.xlsx
2026-05-29 16:21:36 [INFO] send_file_enable 检查，webhook: 833b098e...
2026-05-29 16:21:36 [INFO] 开始上传文件：学员明细备份.xlsx
2026-05-29 16:21:36 [INFO] 上传URL: https://qyapi.weixin.qq.com/cgi-bin/webhook/upload_media?key=833b098e-d8b8-43ea-bfdf-cade0d040fb6&type=file
2026-05-29 16:21:36 [INFO] 正在上传文件：C:/Users/EDY/OneDrive - PPLINGO PTE LTD/自动播报文件/学员明细备份.xlsx
2026-05-29 16:21:36 [INFO] 上传文件名：学员明细备份_2026-05-29.xlsx
2026-05-29 16:21:38 [INFO] 上传响应状态码: 200
2026-05-29 16:21:38 [INFO] 上传响应内容: {"errcode":0,"errmsg":"ok","type":"file","media_id":"3PPpMuMvopkcAc6R6MD5aeU7rDT9VnG4VLbCDOuda-22psoCL32RtppaipRxCkFgt","created_at":"1780042898"}
2026-05-29 16:21:38 [INFO] 上传结果: {'errcode': 0, 'errmsg': 'ok', 'type': 'file', 'media_id': '3PPpMuMvopkcAc6R6MD5aeU7rDT9VnG4VLbCDOuda-22psoCL32RtppaipRxCkFgt', 'created_at': '1780042898'}
2026-05-29 16:21:38 [INFO] 文件上传成功，media_id: 3PPpMuMvopkcAc6R6MD5aeU7rDT9VnG4VLbCDOuda-22psoCL32RtppaipRxCkFgt
2026-05-29 16:21:38 [INFO] 发送成功：文件 学员明细备份.xlsx
2026-05-29 16:21:38 [DEBUG] 清理临时文件：学员明细备份_test_webhook1_20260529_162125_874517.png
2026-05-29 16:21:38 [INFO] 任务耗时：48.24s
2026-05-29 16:21:38 [INFO] ====================================================================================================
2026-05-29 16:25:11 [INFO] 日志系统已初始化，日志文件：C:\Users\EDY\Desktop\BOT_TEST\logs\2026\05\2026-05-29.log
2026-05-29 16:25:11 [INFO] 成功导入 pyautogui
2026-05-29 16:25:11 [INFO] 成功加载 1 个任务
2026-05-29 16:25:11 [INFO] 进入调试模式...
2026-05-29 16:25:11 [INFO] 当前任务配置：
2026-05-29 16:25:11 [INFO]   [0] 学员明细备份.xlsx
2026-05-29 16:25:11 [INFO]     - [0] webhook: 833b098e-d..., times: ['08:35', '10:35', '12:35', '14:35', '16:35', '18:35', '20:35', '22:00']
2026-05-29 16:25:11 [INFO]     - [1] webhook: ee57f939-0..., times: ['08:40', '10:40', '12:40', '14:40', '16:40', '18:40', '20:40', '22:05']
2026-05-29 16:25:11 [INFO] 将执行任务 0 的 webhook 0
2026-05-29 16:25:11 [INFO] 执行指定的 webhook: 833b098e-d...
2026-05-29 16:25:11 [INFO] ====================================================================================================
2026-05-29 16:25:11 [INFO] 启动任务：学员明细备份.xlsx
2026-05-29 16:25:11 [INFO] Webhook：833b098e...
2026-05-29 16:25:11 [INFO] ====================================================================================================
2026-05-29 16:25:11 [DEBUG] 成功创建 Excel 实例
2026-05-29 16:25:11 [DEBUG] 成功设置 Excel 可见性: True
2026-05-29 16:25:11 [DEBUG] 成功设置 DisplayAlerts = False
2026-05-29 16:25:11 [INFO] 启动弹窗守护线程，超时时间：300秒
2026-05-29 16:25:11 [DEBUG] OpenCV未安装，降级到基础匹配模式
2026-05-29 16:25:12 [DEBUG] 基础匹配失败：
2026-05-29 16:25:12 [DEBUG] 按钮图片不存在：C:\Users\EDY\Desktop\BOT_TEST\button_images\continue.png
2026-05-29 16:25:12 [DEBUG] 按钮图片不存在：C:\Users\EDY\Desktop\BOT_TEST\button_images\ok.png
2026-05-29 16:25:12 [DEBUG] OpenCV未安装，降级到基础匹配模式
2026-05-29 16:25:12 [DEBUG] 基础匹配失败：
2026-05-29 16:25:12 [DEBUG] 按钮图片不存在：C:\Users\EDY\Desktop\BOT_TEST\button_images\continue.png
2026-05-29 16:25:12 [DEBUG] 按钮图片不存在：C:\Users\EDY\Desktop\BOT_TEST\button_images\ok.png
2026-05-29 16:25:13 [DEBUG] OpenCV未安装，降级到基础匹配模式
2026-05-29 16:25:13 [DEBUG] 基础匹配失败：
2026-05-29 16:25:13 [DEBUG] 按钮图片不存在：C:\Users\EDY\Desktop\BOT_TEST\button_images\continue.png
2026-05-29 16:25:13 [DEBUG] 按钮图片不存在：C:\Users\EDY\Desktop\BOT_TEST\button_images\ok.png
2026-05-29 16:25:13 [DEBUG] OpenCV未安装，降级到基础匹配模式
2026-05-29 16:25:14 [DEBUG] 基础匹配失败：
2026-05-29 16:25:14 [DEBUG] 按钮图片不存在：C:\Users\EDY\Desktop\BOT_TEST\button_images\continue.png
2026-05-29 16:25:14 [DEBUG] 按钮图片不存在：C:\Users\EDY\Desktop\BOT_TEST\button_images\ok.png
2026-05-29 16:25:14 [DEBUG] 成功打开文件：学员明细备份.xlsx
2026-05-29 16:25:14 [INFO] 开始刷新数据...
2026-05-29 16:25:14 [DEBUG] 发现链接数据源的表格：工作表 [昨日课量备份] - 查询 [昨日课量备份] - 范围 [$A$1:$B$59147]
2026-05-29 16:25:14 [DEBUG] OpenCV未安装，降级到基础匹配模式
2026-05-29 16:25:14 [INFO] 共发现 1 个链接了数据源的表格
2026-05-29 16:25:14 [INFO]   - 工作表 [昨日课量备份] - 查询 [昨日课量备份] - 范围 [$A$1:$B$59147]
2026-05-29 16:25:14 [INFO] 检查数据连接属性：
2026-05-29 16:25:14 [INFO]   工作表 [昨日课量备份] - 查询 [昨日课量备份]:
2026-05-29 16:25:14 [INFO]     - 全部刷新时刷新此连接: ✗ 未设置
2026-05-29 16:25:14 [DEBUG] 基础匹配失败：
2026-05-29 16:25:14 [DEBUG] 按钮图片不存在：C:\Users\EDY\Desktop\BOT_TEST\button_images\continue.png
2026-05-29 16:25:14 [DEBUG] 按钮图片不存在：C:\Users\EDY\Desktop\BOT_TEST\button_images\ok.png
2026-05-29 16:25:14 [DEBUG] OpenCV未安装，降级到基础匹配模式
2026-05-29 16:25:15 [DEBUG] 基础匹配失败：
2026-05-29 16:25:15 [DEBUG] 按钮图片不存在：C:\Users\EDY\Desktop\BOT_TEST\button_images\continue.png
2026-05-29 16:25:15 [DEBUG] 按钮图片不存在：C:\Users\EDY\Desktop\BOT_TEST\button_images\ok.png
2026-05-29 16:25:15 [DEBUG] OpenCV未安装，降级到基础匹配模式
2026-05-29 16:25:15 [DEBUG] 基础匹配失败：
2026-05-29 16:25:15 [DEBUG] 按钮图片不存在：C:\Users\EDY\Desktop\BOT_TEST\button_images\continue.png
2026-05-29 16:25:15 [DEBUG] 按钮图片不存在：C:\Users\EDY\Desktop\BOT_TEST\button_images\ok.png
2026-05-29 16:25:16 [DEBUG] OpenCV未安装，降级到基础匹配模式
2026-05-29 16:25:16 [DEBUG] 基础匹配失败：
2026-05-29 16:25:16 [DEBUG] 按钮图片不存在：C:\Users\EDY\Desktop\BOT_TEST\button_images\continue.png
2026-05-29 16:25:16 [DEBUG] 按钮图片不存在：C:\Users\EDY\Desktop\BOT_TEST\button_images\ok.png
2026-05-29 16:25:16 [DEBUG] OpenCV未安装，降级到基础匹配模式
2026-05-29 16:25:17 [DEBUG] 基础匹配失败：
2026-05-29 16:25:17 [DEBUG] 按钮图片不存在：C:\Users\EDY\Desktop\BOT_TEST\button_images\continue.png
2026-05-29 16:25:17 [DEBUG] 按钮图片不存在：C:\Users\EDY\Desktop\BOT_TEST\button_images\ok.png
2026-05-29 16:25:17 [DEBUG] OpenCV未安装，降级到基础匹配模式
2026-05-29 16:25:17 [DEBUG] 基础匹配失败：
2026-05-29 16:25:17 [DEBUG] 按钮图片不存在：C:\Users\EDY\Desktop\BOT_TEST\button_images\continue.png
2026-05-29 16:25:17 [DEBUG] 按钮图片不存在：C:\Users\EDY\Desktop\BOT_TEST\button_images\ok.png
2026-05-29 16:25:18 [DEBUG] OpenCV未安装，降级到基础匹配模式
2026-05-29 16:25:18 [DEBUG] 基础匹配失败：
2026-05-29 16:25:18 [DEBUG] 按钮图片不存在：C:\Users\EDY\Desktop\BOT_TEST\button_images\continue.png
2026-05-29 16:25:18 [DEBUG] 按钮图片不存在：C:\Users\EDY\Desktop\BOT_TEST\button_images\ok.png
2026-05-29 16:25:18 [DEBUG] OpenCV未安装，降级到基础匹配模式
2026-05-29 16:25:19 [DEBUG] 基础匹配失败：
2026-05-29 16:25:19 [DEBUG] 按钮图片不存在：C:\Users\EDY\Desktop\BOT_TEST\button_images\continue.png
2026-05-29 16:25:19 [DEBUG] 按钮图片不存在：C:\Users\EDY\Desktop\BOT_TEST\button_images\ok.png
2026-05-29 16:25:19 [DEBUG] OpenCV未安装，降级到基础匹配模式
2026-05-29 16:25:19 [DEBUG] 基础匹配失败：
2026-05-29 16:25:19 [DEBUG] 按钮图片不存在：C:\Users\EDY\Desktop\BOT_TEST\button_images\continue.png
2026-05-29 16:25:19 [DEBUG] 按钮图片不存在：C:\Users\EDY\Desktop\BOT_TEST\button_images\ok.png
2026-05-29 16:25:19 [DEBUG] OpenCV未安装，降级到基础匹配模式
2026-05-29 16:25:20 [DEBUG] 基础匹配失败：
2026-05-29 16:25:20 [DEBUG] 按钮图片不存在：C:\Users\EDY\Desktop\BOT_TEST\button_images\continue.png
2026-05-29 16:25:20 [DEBUG] 按钮图片不存在：C:\Users\EDY\Desktop\BOT_TEST\button_images\ok.png
2026-05-29 16:25:20 [DEBUG] OpenCV未安装，降级到基础匹配模式
2026-05-29 16:25:20 [DEBUG] 基础匹配失败：
2026-05-29 16:25:20 [DEBUG] 按钮图片不存在：C:\Users\EDY\Desktop\BOT_TEST\button_images\continue.png
2026-05-29 16:25:20 [DEBUG] 按钮图片不存在：C:\Users\EDY\Desktop\BOT_TEST\button_images\ok.png
2026-05-29 16:25:20 [DEBUG] OpenCV未安装，降级到基础匹配模式
2026-05-29 16:25:21 [DEBUG] 基础匹配失败：
2026-05-29 16:25:21 [DEBUG] 按钮图片不存在：C:\Users\EDY\Desktop\BOT_TEST\button_images\continue.png
2026-05-29 16:25:21 [DEBUG] 按钮图片不存在：C:\Users\EDY\Desktop\BOT_TEST\button_images\ok.png
2026-05-29 16:25:21 [DEBUG] OpenCV未安装，降级到基础匹配模式
2026-05-29 16:25:21 [DEBUG] 基础匹配失败：
2026-05-29 16:25:21 [DEBUG] 按钮图片不存在：C:\Users\EDY\Desktop\BOT_TEST\button_images\continue.png
2026-05-29 16:25:21 [DEBUG] 按钮图片不存在：C:\Users\EDY\Desktop\BOT_TEST\button_images\ok.png
2026-05-29 16:25:22 [DEBUG] OpenCV未安装，降级到基础匹配模式
2026-05-29 16:25:22 [DEBUG] 基础匹配失败：
2026-05-29 16:25:22 [DEBUG] 按钮图片不存在：C:\Users\EDY\Desktop\BOT_TEST\button_images\continue.png
2026-05-29 16:25:22 [DEBUG] 按钮图片不存在：C:\Users\EDY\Desktop\BOT_TEST\button_images\ok.png
2026-05-29 16:25:22 [DEBUG] OpenCV未安装，降级到基础匹配模式
2026-05-29 16:25:23 [DEBUG] 基础匹配失败：
2026-05-29 16:25:23 [DEBUG] 按钮图片不存在：C:\Users\EDY\Desktop\BOT_TEST\button_images\continue.png
2026-05-29 16:25:23 [DEBUG] 按钮图片不存在：C:\Users\EDY\Desktop\BOT_TEST\button_images\ok.png
2026-05-29 16:25:23 [DEBUG] OpenCV未安装，降级到基础匹配模式
2026-05-29 16:25:23 [DEBUG] 基础匹配失败：
2026-05-29 16:25:23 [DEBUG] 按钮图片不存在：C:\Users\EDY\Desktop\BOT_TEST\button_images\continue.png
2026-05-29 16:25:23 [DEBUG] 按钮图片不存在：C:\Users\EDY\Desktop\BOT_TEST\button_images\ok.png
2026-05-29 16:25:23 [DEBUG] OpenCV未安装，降级到基础匹配模式
2026-05-29 16:25:24 [DEBUG] 基础匹配失败：
2026-05-29 16:25:24 [DEBUG] 按钮图片不存在：C:\Users\EDY\Desktop\BOT_TEST\button_images\continue.png
2026-05-29 16:25:24 [DEBUG] 按钮图片不存在：C:\Users\EDY\Desktop\BOT_TEST\button_images\ok.png
2026-05-29 16:25:24 [INFO] 执行全部刷新...
2026-05-29 16:25:24 [DEBUG] OpenCV未安装，降级到基础匹配模式
2026-05-29 16:25:24 [DEBUG] 基础匹配失败：
2026-05-29 16:25:24 [DEBUG] 按钮图片不存在：C:\Users\EDY\Desktop\BOT_TEST\button_images\continue.png
2026-05-29 16:25:24 [DEBUG] 按钮图片不存在：C:\Users\EDY\Desktop\BOT_TEST\button_images\ok.png
2026-05-29 16:25:25 [DEBUG] OpenCV未安装，降级到基础匹配模式
2026-05-29 16:25:25 [DEBUG] 基础匹配失败：
2026-05-29 16:25:25 [DEBUG] 按钮图片不存在：C:\Users\EDY\Desktop\BOT_TEST\button_images\continue.png
2026-05-29 16:25:25 [DEBUG] 按钮图片不存在：C:\Users\EDY\Desktop\BOT_TEST\button_images\ok.png
2026-05-29 16:25:25 [DEBUG] OpenCV未安装，降级到基础匹配模式
2026-05-29 16:25:26 [DEBUG] 基础匹配失败：
2026-05-29 16:25:26 [DEBUG] 按钮图片不存在：C:\Users\EDY\Desktop\BOT_TEST\button_images\continue.png
2026-05-29 16:25:26 [DEBUG] 按钮图片不存在：C:\Users\EDY\Desktop\BOT_TEST\button_images\ok.png
2026-05-29 16:25:26 [INFO] 没有需要验证的表格，刷新完成
2026-05-29 16:25:26 [DEBUG] OpenCV未安装，降级到基础匹配模式
2026-05-29 16:25:26 [DEBUG] 基础匹配失败：
2026-05-29 16:25:26 [DEBUG] 按钮图片不存在：C:\Users\EDY\Desktop\BOT_TEST\button_images\continue.png
2026-05-29 16:25:26 [DEBUG] 按钮图片不存在：C:\Users\EDY\Desktop\BOT_TEST\button_images\ok.png
2026-05-29 16:25:26 [DEBUG] OpenCV未安装，降级到基础匹配模式
2026-05-29 16:25:27 [DEBUG] 基础匹配失败：
2026-05-29 16:25:27 [DEBUG] 按钮图片不存在：C:\Users\EDY\Desktop\BOT_TEST\button_images\continue.png
2026-05-29 16:25:27 [DEBUG] 按钮图片不存在：C:\Users\EDY\Desktop\BOT_TEST\button_images\ok.png
2026-05-29 16:25:27 [DEBUG] OpenCV未安装，降级到基础匹配模式
2026-05-29 16:25:28 [DEBUG] 基础匹配失败：
2026-05-29 16:25:28 [DEBUG] 按钮图片不存在：C:\Users\EDY\Desktop\BOT_TEST\button_images\continue.png
2026-05-29 16:25:28 [DEBUG] 按钮图片不存在：C:\Users\EDY\Desktop\BOT_TEST\button_images\ok.png
2026-05-29 16:25:28 [DEBUG] OpenCV未安装，降级到基础匹配模式
2026-05-29 16:25:28 [DEBUG] 基础匹配失败：
2026-05-29 16:25:28 [DEBUG] 按钮图片不存在：C:\Users\EDY\Desktop\BOT_TEST\button_images\continue.png
2026-05-29 16:25:28 [DEBUG] 按钮图片不存在：C:\Users\EDY\Desktop\BOT_TEST\button_images\ok.png
2026-05-29 16:25:28 [DEBUG] OpenCV未安装，降级到基础匹配模式
2026-05-29 16:25:29 [DEBUG] 基础匹配失败：
2026-05-29 16:25:29 [DEBUG] 按钮图片不存在：C:\Users\EDY\Desktop\BOT_TEST\button_images\continue.png
2026-05-29 16:25:29 [DEBUG] 按钮图片不存在：C:\Users\EDY\Desktop\BOT_TEST\button_images\ok.png
2026-05-29 16:25:29 [DEBUG] OpenCV未安装，降级到基础匹配模式
2026-05-29 16:25:29 [DEBUG] 基础匹配失败：
2026-05-29 16:25:29 [DEBUG] 按钮图片不存在：C:\Users\EDY\Desktop\BOT_TEST\button_images\continue.png
2026-05-29 16:25:29 [DEBUG] 按钮图片不存在：C:\Users\EDY\Desktop\BOT_TEST\button_images\ok.png
2026-05-29 16:25:30 [DEBUG] OpenCV未安装，降级到基础匹配模式
2026-05-29 16:25:30 [DEBUG] 基础匹配失败：
2026-05-29 16:25:30 [DEBUG] 按钮图片不存在：C:\Users\EDY\Desktop\BOT_TEST\button_images\continue.png
2026-05-29 16:25:30 [DEBUG] 按钮图片不存在：C:\Users\EDY\Desktop\BOT_TEST\button_images\ok.png
2026-05-29 16:25:31 [DEBUG] OpenCV未安装，降级到基础匹配模式
2026-05-29 16:25:32 [DEBUG] 基础匹配失败：
2026-05-29 16:25:32 [DEBUG] 按钮图片不存在：C:\Users\EDY\Desktop\BOT_TEST\button_images\continue.png
2026-05-29 16:25:32 [DEBUG] 按钮图片不存在：C:\Users\EDY\Desktop\BOT_TEST\button_images\ok.png
2026-05-29 16:25:32 [DEBUG] OpenCV未安装，降级到基础匹配模式
2026-05-29 16:25:32 [DEBUG] 基础匹配失败：
2026-05-29 16:25:33 [DEBUG] 按钮图片不存在：C:\Users\EDY\Desktop\BOT_TEST\button_images\continue.png
2026-05-29 16:25:33 [DEBUG] 按钮图片不存在：C:\Users\EDY\Desktop\BOT_TEST\button_images\ok.png
2026-05-29 16:25:33 [DEBUG] OpenCV未安装，降级到基础匹配模式
2026-05-29 16:25:33 [DEBUG] 基础匹配失败：
2026-05-29 16:25:33 [DEBUG] 按钮图片不存在：C:\Users\EDY\Desktop\BOT_TEST\button_images\continue.png
2026-05-29 16:25:33 [DEBUG] 按钮图片不存在：C:\Users\EDY\Desktop\BOT_TEST\button_images\ok.png
2026-05-29 16:25:34 [DEBUG] OpenCV未安装，降级到基础匹配模式
2026-05-29 16:25:34 [DEBUG] 基础匹配失败：
2026-05-29 16:25:34 [DEBUG] 按钮图片不存在：C:\Users\EDY\Desktop\BOT_TEST\button_images\continue.png
2026-05-29 16:25:34 [DEBUG] 按钮图片不存在：C:\Users\EDY\Desktop\BOT_TEST\button_images\ok.png
2026-05-29 16:25:35 [DEBUG] OpenCV未安装，降级到基础匹配模式
2026-05-29 16:25:36 [DEBUG] 基础匹配失败：
2026-05-29 16:25:36 [DEBUG] 按钮图片不存在：C:\Users\EDY\Desktop\BOT_TEST\button_images\continue.png
2026-05-29 16:25:36 [DEBUG] 按钮图片不存在：C:\Users\EDY\Desktop\BOT_TEST\button_images\ok.png
2026-05-29 16:25:36 [DEBUG] OpenCV未安装，降级到基础匹配模式
2026-05-29 16:25:37 [DEBUG] 基础匹配失败：
2026-05-29 16:25:37 [DEBUG] 按钮图片不存在：C:\Users\EDY\Desktop\BOT_TEST\button_images\continue.png
2026-05-29 16:25:37 [DEBUG] 按钮图片不存在：C:\Users\EDY\Desktop\BOT_TEST\button_images\ok.png
2026-05-29 16:25:37 [DEBUG] OpenCV未安装，降级到基础匹配模式
2026-05-29 16:25:37 [DEBUG] 基础匹配失败：
2026-05-29 16:25:37 [DEBUG] 按钮图片不存在：C:\Users\EDY\Desktop\BOT_TEST\button_images\continue.png
2026-05-29 16:25:37 [DEBUG] 按钮图片不存在：C:\Users\EDY\Desktop\BOT_TEST\button_images\ok.png
2026-05-29 16:25:37 [DEBUG] OpenCV未安装，降级到基础匹配模式
2026-05-29 16:25:38 [DEBUG] 基础匹配失败：
2026-05-29 16:25:38 [DEBUG] 按钮图片不存在：C:\Users\EDY\Desktop\BOT_TEST\button_images\continue.png
2026-05-29 16:25:38 [DEBUG] 按钮图片不存在：C:\Users\EDY\Desktop\BOT_TEST\button_images\ok.png
2026-05-29 16:25:38 [DEBUG] OpenCV未安装，降级到基础匹配模式
2026-05-29 16:25:39 [DEBUG] 基础匹配失败：
2026-05-29 16:25:39 [DEBUG] 按钮图片不存在：C:\Users\EDY\Desktop\BOT_TEST\button_images\continue.png
2026-05-29 16:25:39 [DEBUG] 按钮图片不存在：C:\Users\EDY\Desktop\BOT_TEST\button_images\ok.png
2026-05-29 16:25:39 [DEBUG] OpenCV未安装，降级到基础匹配模式
2026-05-29 16:25:39 [DEBUG] 基础匹配失败：
2026-05-29 16:25:39 [DEBUG] 按钮图片不存在：C:\Users\EDY\Desktop\BOT_TEST\button_images\continue.png
2026-05-29 16:25:39 [DEBUG] 按钮图片不存在：C:\Users\EDY\Desktop\BOT_TEST\button_images\ok.png
2026-05-29 16:25:40 [DEBUG] OpenCV未安装，降级到基础匹配模式
2026-05-29 16:25:40 [DEBUG] 基础匹配失败：
2026-05-29 16:25:40 [DEBUG] 按钮图片不存在：C:\Users\EDY\Desktop\BOT_TEST\button_images\continue.png
2026-05-29 16:25:40 [DEBUG] 按钮图片不存在：C:\Users\EDY\Desktop\BOT_TEST\button_images\ok.png
2026-05-29 16:25:40 [DEBUG] OpenCV未安装，降级到基础匹配模式
2026-05-29 16:25:41 [DEBUG] 基础匹配失败：
2026-05-29 16:25:41 [DEBUG] 按钮图片不存在：C:\Users\EDY\Desktop\BOT_TEST\button_images\continue.png
2026-05-29 16:25:41 [DEBUG] 按钮图片不存在：C:\Users\EDY\Desktop\BOT_TEST\button_images\ok.png
2026-05-29 16:25:41 [DEBUG] OpenCV未安装，降级到基础匹配模式
2026-05-29 16:25:41 [DEBUG] 基础匹配失败：
2026-05-29 16:25:41 [DEBUG] 按钮图片不存在：C:\Users\EDY\Desktop\BOT_TEST\button_images\continue.png
2026-05-29 16:25:41 [DEBUG] 按钮图片不存在：C:\Users\EDY\Desktop\BOT_TEST\button_images\ok.png
2026-05-29 16:25:41 [DEBUG] OpenCV未安装，降级到基础匹配模式
2026-05-29 16:25:42 [DEBUG] 基础匹配失败：
2026-05-29 16:25:42 [DEBUG] 按钮图片不存在：C:\Users\EDY\Desktop\BOT_TEST\button_images\continue.png
2026-05-29 16:25:42 [DEBUG] 按钮图片不存在：C:\Users\EDY\Desktop\BOT_TEST\button_images\ok.png
2026-05-29 16:25:42 [DEBUG] OpenCV未安装，降级到基础匹配模式
2026-05-29 16:25:43 [DEBUG] 基础匹配失败：
2026-05-29 16:25:43 [DEBUG] 重新应用筛选：昨日课量备份
2026-05-29 16:25:43 [DEBUG] 按钮图片不存在：C:\Users\EDY\Desktop\BOT_TEST\button_images\continue.png
2026-05-29 16:25:43 [DEBUG] 按钮图片不存在：C:\Users\EDY\Desktop\BOT_TEST\button_images\ok.png
2026-05-29 16:25:43 [INFO] 处理Webhook：833b098e...
2026-05-29 16:25:43 [INFO] 开始截图，共 1 个区域
2026-05-29 16:25:43 [DEBUG] 截图区域地址: $A$1:$A$2
2026-05-29 16:25:43 [INFO] 弹窗守护线程结束
2026-05-29 16:25:44 [INFO] 截图成功：[test_webhook1] 工作表[sheet1] 区域[A1]
2026-05-29 16:25:44 [DEBUG] 已将所有工作表缩放比例恢复为100%
2026-05-29 16:25:58 [DEBUG] Excel 进程已释放
2026-05-29 16:25:58 [INFO] _deliver_results 被调用
2026-05-29 16:25:58 [INFO]   webhook: 833b098e...
2026-05-29 16:25:58 [INFO]   screenshots数量: 1
2026-05-29 16:25:58 [INFO]   send_file_enable: 1
2026-05-29 16:25:58 [INFO] 发送成功：截图 学员明细备份_test_webhook1_20260529_162543_511913.png
2026-05-29 16:25:58 [INFO] send_file_enable 为真，准备发送文件
2026-05-29 16:25:58 [INFO] 准备发送文件，file_path: C:/Users/EDY/OneDrive - PPLINGO PTE LTD/自动播报文件/学员明细备份.xlsx
2026-05-29 16:25:58 [INFO] send_file_enable 检查，webhook: 833b098e...
2026-05-29 16:25:58 [INFO] 开始上传文件：学员明细备份.xlsx
2026-05-29 16:25:58 [INFO] 上传URL: https://qyapi.weixin.qq.com/cgi-bin/webhook/upload_media?key=833b098e-d8b8-43ea-bfdf-cade0d040fb6&type=file
2026-05-29 16:25:58 [INFO] 正在上传文件：C:/Users/EDY/OneDrive - PPLINGO PTE LTD/自动播报文件/学员明细备份.xlsx
2026-05-29 16:25:58 [INFO] 上传文件名：学员明细备份_2026-05-29.xlsx
2026-05-29 16:25:59 [INFO] 上传响应状态码: 200
2026-05-29 16:25:59 [INFO] 上传响应内容: {"errcode":0,"errmsg":"ok","type":"file","media_id":"3p7c8Bf_uJM_U9Id-PrFcAYX4oqAH_p2inZGqJHb_Dm9r-oTjtCoD8SJdsiDXQ6QF","created_at":"1780043159"}
2026-05-29 16:25:59 [INFO] 上传结果: {'errcode': 0, 'errmsg': 'ok', 'type': 'file', 'media_id': '3p7c8Bf_uJM_U9Id-PrFcAYX4oqAH_p2inZGqJHb_Dm9r-oTjtCoD8SJdsiDXQ6QF', 'created_at': '1780043159'}
2026-05-29 16:25:59 [INFO] 文件上传成功，media_id: 3p7c8Bf_uJM_U9Id-PrFcAYX4oqAH_p2inZGqJHb_Dm9r-oTjtCoD8SJdsiDXQ6QF
2026-05-29 16:26:00 [INFO] 发送成功：文件 学员明细备份.xlsx
2026-05-29 16:26:00 [DEBUG] 清理临时文件：学员明细备份_test_webhook1_20260529_162543_511913.png
2026-05-29 16:26:00 [INFO] 任务耗时：49.32s
2026-05-29 16:26:00 [INFO] ====================================================================================================
2026-05-29 16:31:52 [INFO] 日志系统已初始化，日志文件：C:\Users\EDY\Desktop\BOT_TEST\logs\2026\05\2026-05-29.log
2026-05-29 16:31:52 [INFO] 成功导入 pyautogui
2026-05-29 16:31:52 [INFO] 成功加载 1 个任务
2026-05-29 16:31:52 [INFO] 进入调试模式...
2026-05-29 16:31:52 [INFO] 当前任务配置：
2026-05-29 16:31:52 [INFO]   [0] 学员明细备份.xlsx
2026-05-29 16:31:52 [INFO]     - [0] webhook: 833b098e-d..., times: ['08:35', '10:35', '12:35', '14:35', '16:35', '18:35', '20:35', '22:00']
2026-05-29 16:31:52 [INFO]     - [1] webhook: ee57f939-0..., times: ['08:40', '10:40', '12:40', '14:40', '16:40', '18:40', '20:40', '22:05']
2026-05-29 16:31:52 [INFO] 将执行任务 0 的 webhook 0
2026-05-29 16:31:52 [INFO] 执行指定的 webhook: 833b098e-d...
2026-05-29 16:31:52 [INFO] ====================================================================================================
2026-05-29 16:31:52 [INFO] 启动任务：学员明细备份.xlsx
2026-05-29 16:31:52 [INFO] Webhook：833b098e...
2026-05-29 16:31:52 [INFO] ====================================================================================================
2026-05-29 16:31:52 [DEBUG] 成功创建 Excel 实例
2026-05-29 16:31:52 [DEBUG] 成功设置 Excel 可见性: True
2026-05-29 16:31:52 [DEBUG] 成功设置 DisplayAlerts = False
2026-05-29 16:31:52 [INFO] 启动弹窗守护线程，超时时间：300秒
2026-05-29 16:31:52 [DEBUG] OpenCV未安装，降级到基础匹配模式
2026-05-29 16:31:53 [DEBUG] 基础匹配失败：
2026-05-29 16:31:53 [DEBUG] 按钮图片不存在：C:\Users\EDY\Desktop\BOT_TEST\button_images\continue.png
2026-05-29 16:31:53 [DEBUG] 按钮图片不存在：C:\Users\EDY\Desktop\BOT_TEST\button_images\ok.png
2026-05-29 16:31:53 [DEBUG] OpenCV未安装，降级到基础匹配模式
2026-05-29 16:31:54 [DEBUG] 基础匹配失败：
2026-05-29 16:31:54 [DEBUG] 按钮图片不存在：C:\Users\EDY\Desktop\BOT_TEST\button_images\continue.png
2026-05-29 16:31:54 [DEBUG] 按钮图片不存在：C:\Users\EDY\Desktop\BOT_TEST\button_images\ok.png
2026-05-29 16:31:54 [DEBUG] OpenCV未安装，降级到基础匹配模式
2026-05-29 16:31:54 [DEBUG] 基础匹配失败：
2026-05-29 16:31:54 [DEBUG] 按钮图片不存在：C:\Users\EDY\Desktop\BOT_TEST\button_images\continue.png
2026-05-29 16:31:54 [DEBUG] 按钮图片不存在：C:\Users\EDY\Desktop\BOT_TEST\button_images\ok.png
2026-05-29 16:31:54 [DEBUG] OpenCV未安装，降级到基础匹配模式
2026-05-29 16:31:55 [DEBUG] 基础匹配失败：
2026-05-29 16:31:55 [DEBUG] 按钮图片不存在：C:\Users\EDY\Desktop\BOT_TEST\button_images\continue.png
2026-05-29 16:31:55 [DEBUG] 按钮图片不存在：C:\Users\EDY\Desktop\BOT_TEST\button_images\ok.png
2026-05-29 16:31:55 [DEBUG] OpenCV未安装，降级到基础匹配模式
2026-05-29 16:31:55 [DEBUG] 基础匹配失败：
2026-05-29 16:31:55 [DEBUG] 按钮图片不存在：C:\Users\EDY\Desktop\BOT_TEST\button_images\continue.png
2026-05-29 16:31:55 [DEBUG] 按钮图片不存在：C:\Users\EDY\Desktop\BOT_TEST\button_images\ok.png
2026-05-29 16:31:55 [DEBUG] 成功打开文件：学员明细备份.xlsx
2026-05-29 16:31:55 [INFO] 开始刷新数据...
2026-05-29 16:31:55 [DEBUG] 发现链接数据源的表格：工作表 [昨日课量备份] - 查询 [昨日课量备份] - 范围 [$A$1:$B$59147]
2026-05-29 16:31:55 [INFO] 共发现 1 个链接了数据源的表格
2026-05-29 16:31:56 [INFO]   - 工作表 [昨日课量备份] - 查询 [昨日课量备份] - 范围 [$A$1:$B$59147]
2026-05-29 16:31:56 [INFO] 检查数据连接属性：
2026-05-29 16:31:56 [INFO]   工作表 [昨日课量备份] - 查询 [昨日课量备份]:
2026-05-29 16:31:56 [INFO]     - 全部刷新时刷新此连接: ✗ 未设置
2026-05-29 16:31:56 [DEBUG] OpenCV未安装，降级到基础匹配模式
2026-05-29 16:31:56 [DEBUG] 基础匹配失败：
2026-05-29 16:31:56 [DEBUG] 按钮图片不存在：C:\Users\EDY\Desktop\BOT_TEST\button_images\continue.png
2026-05-29 16:31:56 [DEBUG] 按钮图片不存在：C:\Users\EDY\Desktop\BOT_TEST\button_images\ok.png
2026-05-29 16:31:56 [DEBUG] OpenCV未安装，降级到基础匹配模式
2026-05-29 16:31:57 [DEBUG] 基础匹配失败：
2026-05-29 16:31:57 [DEBUG] 按钮图片不存在：C:\Users\EDY\Desktop\BOT_TEST\button_images\continue.png
2026-05-29 16:31:57 [DEBUG] 按钮图片不存在：C:\Users\EDY\Desktop\BOT_TEST\button_images\ok.png
2026-05-29 16:31:57 [DEBUG] OpenCV未安装，降级到基础匹配模式
2026-05-29 16:31:57 [DEBUG] 基础匹配失败：
2026-05-29 16:31:57 [DEBUG] 按钮图片不存在：C:\Users\EDY\Desktop\BOT_TEST\button_images\continue.png
2026-05-29 16:31:57 [DEBUG] 按钮图片不存在：C:\Users\EDY\Desktop\BOT_TEST\button_images\ok.png
2026-05-29 16:31:57 [DEBUG] OpenCV未安装，降级到基础匹配模式
2026-05-29 16:31:58 [DEBUG] 基础匹配失败：
2026-05-29 16:31:58 [DEBUG] 按钮图片不存在：C:\Users\EDY\Desktop\BOT_TEST\button_images\continue.png
2026-05-29 16:31:58 [DEBUG] 按钮图片不存在：C:\Users\EDY\Desktop\BOT_TEST\button_images\ok.png
2026-05-29 16:31:58 [DEBUG] OpenCV未安装，降级到基础匹配模式
2026-05-29 16:31:59 [DEBUG] 基础匹配失败：
2026-05-29 16:31:59 [DEBUG] 按钮图片不存在：C:\Users\EDY\Desktop\BOT_TEST\button_images\continue.png
2026-05-29 16:31:59 [DEBUG] 按钮图片不存在：C:\Users\EDY\Desktop\BOT_TEST\button_images\ok.png
2026-05-29 16:31:59 [DEBUG] OpenCV未安装，降级到基础匹配模式
2026-05-29 16:31:59 [DEBUG] 基础匹配失败：
2026-05-29 16:31:59 [DEBUG] 按钮图片不存在：C:\Users\EDY\Desktop\BOT_TEST\button_images\continue.png
2026-05-29 16:31:59 [DEBUG] 按钮图片不存在：C:\Users\EDY\Desktop\BOT_TEST\button_images\ok.png
2026-05-29 16:31:59 [DEBUG] OpenCV未安装，降级到基础匹配模式
2026-05-29 16:32:00 [DEBUG] 基础匹配失败：
2026-05-29 16:32:00 [DEBUG] 按钮图片不存在：C:\Users\EDY\Desktop\BOT_TEST\button_images\continue.png
2026-05-29 16:32:00 [DEBUG] 按钮图片不存在：C:\Users\EDY\Desktop\BOT_TEST\button_images\ok.png
2026-05-29 16:32:00 [DEBUG] OpenCV未安装，降级到基础匹配模式
2026-05-29 16:32:00 [DEBUG] 基础匹配失败：
2026-05-29 16:32:00 [DEBUG] 按钮图片不存在：C:\Users\EDY\Desktop\BOT_TEST\button_images\continue.png
2026-05-29 16:32:00 [DEBUG] 按钮图片不存在：C:\Users\EDY\Desktop\BOT_TEST\button_images\ok.png
2026-05-29 16:32:01 [DEBUG] OpenCV未安装，降级到基础匹配模式
2026-05-29 16:32:01 [DEBUG] 基础匹配失败：
2026-05-29 16:32:01 [DEBUG] 按钮图片不存在：C:\Users\EDY\Desktop\BOT_TEST\button_images\continue.png
2026-05-29 16:32:01 [DEBUG] 按钮图片不存在：C:\Users\EDY\Desktop\BOT_TEST\button_images\ok.png
2026-05-29 16:32:01 [DEBUG] OpenCV未安装，降级到基础匹配模式
2026-05-29 16:32:02 [DEBUG] 基础匹配失败：
2026-05-29 16:32:02 [DEBUG] 按钮图片不存在：C:\Users\EDY\Desktop\BOT_TEST\button_images\continue.png
2026-05-29 16:32:02 [DEBUG] 按钮图片不存在：C:\Users\EDY\Desktop\BOT_TEST\button_images\ok.png
2026-05-29 16:32:02 [DEBUG] OpenCV未安装，降级到基础匹配模式
2026-05-29 16:32:02 [DEBUG] 基础匹配失败：
2026-05-29 16:32:02 [DEBUG] 按钮图片不存在：C:\Users\EDY\Desktop\BOT_TEST\button_images\continue.png
2026-05-29 16:32:02 [DEBUG] 按钮图片不存在：C:\Users\EDY\Desktop\BOT_TEST\button_images\ok.png
2026-05-29 16:32:02 [DEBUG] OpenCV未安装，降级到基础匹配模式
2026-05-29 16:32:03 [DEBUG] 基础匹配失败：
2026-05-29 16:32:03 [DEBUG] 按钮图片不存在：C:\Users\EDY\Desktop\BOT_TEST\button_images\continue.png
2026-05-29 16:32:03 [DEBUG] 按钮图片不存在：C:\Users\EDY\Desktop\BOT_TEST\button_images\ok.png
2026-05-29 16:32:03 [DEBUG] OpenCV未安装，降级到基础匹配模式
2026-05-29 16:32:03 [DEBUG] 基础匹配失败：
2026-05-29 16:32:03 [DEBUG] 按钮图片不存在：C:\Users\EDY\Desktop\BOT_TEST\button_images\continue.png
2026-05-29 16:32:03 [DEBUG] 按钮图片不存在：C:\Users\EDY\Desktop\BOT_TEST\button_images\ok.png
2026-05-29 16:32:03 [DEBUG] OpenCV未安装，降级到基础匹配模式
2026-05-29 16:32:04 [DEBUG] 基础匹配失败：
2026-05-29 16:32:04 [DEBUG] 按钮图片不存在：C:\Users\EDY\Desktop\BOT_TEST\button_images\continue.png
2026-05-29 16:32:04 [DEBUG] 按钮图片不存在：C:\Users\EDY\Desktop\BOT_TEST\button_images\ok.png
2026-05-29 16:32:04 [DEBUG] OpenCV未安装，降级到基础匹配模式
2026-05-29 16:32:05 [DEBUG] 基础匹配失败：
2026-05-29 16:32:05 [DEBUG] 按钮图片不存在：C:\Users\EDY\Desktop\BOT_TEST\button_images\continue.png
2026-05-29 16:32:05 [DEBUG] 按钮图片不存在：C:\Users\EDY\Desktop\BOT_TEST\button_images\ok.png
2026-05-29 16:32:05 [DEBUG] OpenCV未安装，降级到基础匹配模式
2026-05-29 16:32:05 [DEBUG] 基础匹配失败：
2026-05-29 16:32:05 [DEBUG] 按钮图片不存在：C:\Users\EDY\Desktop\BOT_TEST\button_images\continue.png
2026-05-29 16:32:05 [DEBUG] 按钮图片不存在：C:\Users\EDY\Desktop\BOT_TEST\button_images\ok.png
2026-05-29 16:32:05 [DEBUG] OpenCV未安装，降级到基础匹配模式
2026-05-29 16:32:06 [INFO] 执行全部刷新...
2026-05-29 16:32:06 [DEBUG] 基础匹配失败：
2026-05-29 16:32:06 [DEBUG] 按钮图片不存在：C:\Users\EDY\Desktop\BOT_TEST\button_images\continue.png
2026-05-29 16:32:06 [DEBUG] 按钮图片不存在：C:\Users\EDY\Desktop\BOT_TEST\button_images\ok.png
2026-05-29 16:32:06 [DEBUG] OpenCV未安装，降级到基础匹配模式
2026-05-29 16:32:06 [DEBUG] 基础匹配失败：
2026-05-29 16:32:06 [DEBUG] 按钮图片不存在：C:\Users\EDY\Desktop\BOT_TEST\button_images\continue.png
2026-05-29 16:32:06 [DEBUG] 按钮图片不存在：C:\Users\EDY\Desktop\BOT_TEST\button_images\ok.png
2026-05-29 16:32:07 [DEBUG] OpenCV未安装，降级到基础匹配模式
2026-05-29 16:32:07 [DEBUG] 基础匹配失败：
2026-05-29 16:32:07 [DEBUG] 按钮图片不存在：C:\Users\EDY\Desktop\BOT_TEST\button_images\continue.png
2026-05-29 16:32:07 [DEBUG] 按钮图片不存在：C:\Users\EDY\Desktop\BOT_TEST\button_images\ok.png
2026-05-29 16:32:07 [DEBUG] OpenCV未安装，降级到基础匹配模式
2026-05-29 16:32:08 [INFO] 没有需要验证的表格，刷新完成
2026-05-29 16:32:08 [DEBUG] 基础匹配失败：
2026-05-29 16:32:08 [DEBUG] 按钮图片不存在：C:\Users\EDY\Desktop\BOT_TEST\button_images\continue.png
2026-05-29 16:32:08 [DEBUG] 按钮图片不存在：C:\Users\EDY\Desktop\BOT_TEST\button_images\ok.png
2026-05-29 16:32:08 [INFO] 处理Webhook：833b098e...
2026-05-29 16:32:08 [INFO] 开始截图，共 1 个区域
2026-05-29 16:32:08 [DEBUG] 截图区域地址: $A$1:$A$2
2026-05-29 16:32:08 [INFO] 弹窗守护线程结束
2026-05-29 16:32:09 [INFO] 截图成功：[test_webhook1] 工作表[sheet1] 区域[A1]
2026-05-29 16:32:09 [DEBUG] 已将所有工作表缩放比例恢复为100%
2026-05-29 16:32:14 [DEBUG] Excel 进程已释放
2026-05-29 16:32:14 [INFO] _deliver_results 被调用
2026-05-29 16:32:14 [INFO]   webhook: 833b098e...
2026-05-29 16:32:14 [INFO]   screenshots数量: 1
2026-05-29 16:32:14 [INFO]   send_file_enable: 1
2026-05-29 16:32:15 [INFO] 发送成功：截图 学员明细备份_test_webhook1_20260529_163208_121881.png
2026-05-29 16:32:15 [INFO] send_file_enable 为真，准备发送文件
2026-05-29 16:32:15 [INFO] 准备发送文件，file_path: C:/Users/EDY/OneDrive - PPLINGO PTE LTD/自动播报文件/学员明细备份.xlsx
2026-05-29 16:32:15 [INFO] send_file_enable 检查，webhook: 833b098e...
2026-05-29 16:32:15 [INFO] 开始上传文件：学员明细备份.xlsx
2026-05-29 16:32:15 [INFO] 上传URL: https://qyapi.weixin.qq.com/cgi-bin/webhook/upload_media?key=833b098e-d8b8-43ea-bfdf-cade0d040fb6&type=file
2026-05-29 16:32:15 [INFO] 正在上传文件：C:/Users/EDY/OneDrive - PPLINGO PTE LTD/自动播报文件/学员明细备份.xlsx
2026-05-29 16:32:15 [INFO] 上传文件名：学员明细备份_2026-05-29.xlsx
2026-05-29 16:32:16 [INFO] 上传响应状态码: 200
2026-05-29 16:32:16 [INFO] 上传响应内容: {"errcode":0,"errmsg":"ok","type":"file","media_id":"3uYxqDOtvD5lS4zvxv9cQPSXWtX9HLVgjgfiYkvBld_RVpAbgFxOyNHZHUbKxWb_T","created_at":"1780043536"}
2026-05-29 16:32:16 [INFO] 上传结果: {'errcode': 0, 'errmsg': 'ok', 'type': 'file', 'media_id': '3uYxqDOtvD5lS4zvxv9cQPSXWtX9HLVgjgfiYkvBld_RVpAbgFxOyNHZHUbKxWb_T', 'created_at': '1780043536'}
2026-05-29 16:32:16 [INFO] 文件上传成功，media_id: 3uYxqDOtvD5lS4zvxv9cQPSXWtX9HLVgjgfiYkvBld_RVpAbgFxOyNHZHUbKxWb_T
2026-05-29 16:32:17 [INFO] 发送成功：文件 学员明细备份.xlsx
2026-05-29 16:32:17 [DEBUG] 清理临时文件：学员明细备份_test_webhook1_20260529_163208_121881.png
2026-05-29 16:32:17 [INFO] 任务耗时：25.06s
2026-05-29 16:32:17 [INFO] ====================================================================================================
2026-05-29 16:32:35 [INFO] 日志系统已初始化，日志文件：C:\Users\EDY\Desktop\BOT_TEST\logs\2026\05\2026-05-29.log
2026-05-29 16:32:35 [INFO] 成功导入 pyautogui
2026-05-29 16:32:35 [INFO] 成功加载 1 个任务
2026-05-29 16:32:35 [INFO] 进入调试模式...
2026-05-29 16:32:35 [INFO] 当前任务配置：
2026-05-29 16:32:35 [INFO]   [0] 学员明细备份.xlsx
2026-05-29 16:32:35 [INFO]     - [0] webhook: 833b098e-d..., times: ['08:35', '10:35', '12:35', '14:35', '16:35', '18:35', '20:35', '22:00']
2026-05-29 16:32:35 [INFO]     - [1] webhook: ee57f939-0..., times: ['08:40', '10:40', '12:40', '14:40', '16:40', '18:40', '20:40', '22:05']
2026-05-29 16:32:35 [INFO] 将执行任务 0 的 webhook 0
2026-05-29 16:32:35 [INFO] 执行指定的 webhook: 833b098e-d...
2026-05-29 16:32:35 [INFO] ====================================================================================================
2026-05-29 16:32:35 [INFO] 启动任务：学员明细备份.xlsx
2026-05-29 16:32:35 [INFO] Webhook：833b098e...
2026-05-29 16:32:35 [INFO] ====================================================================================================
2026-05-29 16:32:35 [DEBUG] 成功创建 Excel 实例
2026-05-29 16:32:35 [DEBUG] 成功设置 Excel 可见性: True
2026-05-29 16:32:35 [DEBUG] 成功设置 DisplayAlerts = False
2026-05-29 16:32:35 [INFO] 启动弹窗守护线程，超时时间：300秒
2026-05-29 16:32:35 [DEBUG] OpenCV未安装，降级到基础匹配模式
2026-05-29 16:32:36 [DEBUG] 基础匹配失败：
2026-05-29 16:32:36 [DEBUG] 按钮图片不存在：C:\Users\EDY\Desktop\BOT_TEST\button_images\continue.png
2026-05-29 16:32:36 [DEBUG] 按钮图片不存在：C:\Users\EDY\Desktop\BOT_TEST\button_images\ok.png
2026-05-29 16:32:36 [DEBUG] OpenCV未安装，降级到基础匹配模式
2026-05-29 16:32:37 [DEBUG] 基础匹配失败：
2026-05-29 16:32:37 [DEBUG] 按钮图片不存在：C:\Users\EDY\Desktop\BOT_TEST\button_images\continue.png
2026-05-29 16:32:37 [DEBUG] 按钮图片不存在：C:\Users\EDY\Desktop\BOT_TEST\button_images\ok.png
2026-05-29 16:32:37 [DEBUG] OpenCV未安装，降级到基础匹配模式
2026-05-29 16:32:37 [DEBUG] 基础匹配失败：
2026-05-29 16:32:37 [DEBUG] 按钮图片不存在：C:\Users\EDY\Desktop\BOT_TEST\button_images\continue.png
2026-05-29 16:32:37 [DEBUG] 按钮图片不存在：C:\Users\EDY\Desktop\BOT_TEST\button_images\ok.png
2026-05-29 16:32:37 [DEBUG] OpenCV未安装，降级到基础匹配模式
2026-05-29 16:32:38 [DEBUG] 基础匹配失败：
2026-05-29 16:32:38 [DEBUG] 按钮图片不存在：C:\Users\EDY\Desktop\BOT_TEST\button_images\continue.png
2026-05-29 16:32:38 [DEBUG] 按钮图片不存在：C:\Users\EDY\Desktop\BOT_TEST\button_images\ok.png
2026-05-29 16:32:38 [DEBUG] 成功打开文件：学员明细备份.xlsx
2026-05-29 16:32:38 [INFO] 开始刷新数据...
2026-05-29 16:32:38 [DEBUG] 发现链接数据源的表格：工作表 [昨日课量备份] - 查询 [昨日课量备份] - 范围 [$A$1:$B$59147]
2026-05-29 16:32:38 [INFO] 共发现 1 个链接了数据源的表格
2026-05-29 16:32:38 [INFO]   - 工作表 [昨日课量备份] - 查询 [昨日课量备份] - 范围 [$A$1:$B$59147]
2026-05-29 16:32:38 [INFO] 检查数据连接属性：
2026-05-29 16:32:38 [INFO]   工作表 [昨日课量备份] - 查询 [昨日课量备份]:
2026-05-29 16:32:38 [INFO]     - 全部刷新时刷新此连接: ✗ 未设置
2026-05-29 16:32:38 [DEBUG] OpenCV未安装，降级到基础匹配模式
2026-05-29 16:32:39 [DEBUG] 基础匹配失败：
2026-05-29 16:32:39 [DEBUG] 按钮图片不存在：C:\Users\EDY\Desktop\BOT_TEST\button_images\continue.png
2026-05-29 16:32:39 [DEBUG] 按钮图片不存在：C:\Users\EDY\Desktop\BOT_TEST\button_images\ok.png
2026-05-29 16:32:39 [DEBUG] OpenCV未安装，降级到基础匹配模式
2026-05-29 16:32:39 [DEBUG] 基础匹配失败：
2026-05-29 16:32:39 [DEBUG] 按钮图片不存在：C:\Users\EDY\Desktop\BOT_TEST\button_images\continue.png
2026-05-29 16:32:39 [DEBUG] 按钮图片不存在：C:\Users\EDY\Desktop\BOT_TEST\button_images\ok.png
2026-05-29 16:32:39 [DEBUG] OpenCV未安装，降级到基础匹配模式
2026-05-29 16:32:40 [DEBUG] 基础匹配失败：
2026-05-29 16:32:40 [DEBUG] 按钮图片不存在：C:\Users\EDY\Desktop\BOT_TEST\button_images\continue.png
2026-05-29 16:32:40 [DEBUG] 按钮图片不存在：C:\Users\EDY\Desktop\BOT_TEST\button_images\ok.png
2026-05-29 16:32:40 [DEBUG] OpenCV未安装，降级到基础匹配模式
2026-05-29 16:32:41 [DEBUG] 基础匹配失败：
2026-05-29 16:32:41 [DEBUG] 按钮图片不存在：C:\Users\EDY\Desktop\BOT_TEST\button_images\continue.png
2026-05-29 16:32:41 [DEBUG] 按钮图片不存在：C:\Users\EDY\Desktop\BOT_TEST\button_images\ok.png
2026-05-29 16:32:41 [DEBUG] OpenCV未安装，降级到基础匹配模式
2026-05-29 16:32:41 [DEBUG] 基础匹配失败：
2026-05-29 16:32:41 [DEBUG] 按钮图片不存在：C:\Users\EDY\Desktop\BOT_TEST\button_images\continue.png
2026-05-29 16:32:41 [DEBUG] 按钮图片不存在：C:\Users\EDY\Desktop\BOT_TEST\button_images\ok.png
2026-05-29 16:32:42 [DEBUG] OpenCV未安装，降级到基础匹配模式
2026-05-29 16:32:42 [DEBUG] 基础匹配失败：
2026-05-29 16:32:42 [DEBUG] 按钮图片不存在：C:\Users\EDY\Desktop\BOT_TEST\button_images\continue.png
2026-05-29 16:32:42 [DEBUG] 按钮图片不存在：C:\Users\EDY\Desktop\BOT_TEST\button_images\ok.png
2026-05-29 16:32:42 [DEBUG] OpenCV未安装，降级到基础匹配模式
2026-05-29 16:32:43 [DEBUG] 基础匹配失败：
2026-05-29 16:32:43 [DEBUG] 按钮图片不存在：C:\Users\EDY\Desktop\BOT_TEST\button_images\continue.png
2026-05-29 16:32:43 [DEBUG] 按钮图片不存在：C:\Users\EDY\Desktop\BOT_TEST\button_images\ok.png
2026-05-29 16:32:43 [DEBUG] OpenCV未安装，降级到基础匹配模式
2026-05-29 16:32:44 [DEBUG] 基础匹配失败：
2026-05-29 16:32:44 [DEBUG] 按钮图片不存在：C:\Users\EDY\Desktop\BOT_TEST\button_images\continue.png
2026-05-29 16:32:44 [DEBUG] 按钮图片不存在：C:\Users\EDY\Desktop\BOT_TEST\button_images\ok.png
2026-05-29 16:32:44 [DEBUG] OpenCV未安装，降级到基础匹配模式
2026-05-29 16:32:44 [DEBUG] 基础匹配失败：
2026-05-29 16:32:44 [DEBUG] 按钮图片不存在：C:\Users\EDY\Desktop\BOT_TEST\button_images\continue.png
2026-05-29 16:32:44 [DEBUG] 按钮图片不存在：C:\Users\EDY\Desktop\BOT_TEST\button_images\ok.png
2026-05-29 16:32:45 [DEBUG] OpenCV未安装，降级到基础匹配模式
2026-05-29 16:32:45 [DEBUG] 基础匹配失败：
2026-05-29 16:32:45 [DEBUG] 按钮图片不存在：C:\Users\EDY\Desktop\BOT_TEST\button_images\continue.png
2026-05-29 16:32:45 [DEBUG] 按钮图片不存在：C:\Users\EDY\Desktop\BOT_TEST\button_images\ok.png
2026-05-29 16:32:45 [DEBUG] OpenCV未安装，降级到基础匹配模式
2026-05-29 16:32:46 [DEBUG] 基础匹配失败：
2026-05-29 16:32:46 [DEBUG] 按钮图片不存在：C:\Users\EDY\Desktop\BOT_TEST\button_images\continue.png
2026-05-29 16:32:46 [DEBUG] 按钮图片不存在：C:\Users\EDY\Desktop\BOT_TEST\button_images\ok.png
2026-05-29 16:32:46 [DEBUG] OpenCV未安装，降级到基础匹配模式
2026-05-29 16:32:47 [DEBUG] 基础匹配失败：
2026-05-29 16:32:47 [DEBUG] 按钮图片不存在：C:\Users\EDY\Desktop\BOT_TEST\button_images\continue.png
2026-05-29 16:32:47 [DEBUG] 按钮图片不存在：C:\Users\EDY\Desktop\BOT_TEST\button_images\ok.png
2026-05-29 16:32:47 [DEBUG] OpenCV未安装，降级到基础匹配模式
2026-05-29 16:32:47 [DEBUG] 基础匹配失败：
2026-05-29 16:32:47 [DEBUG] 按钮图片不存在：C:\Users\EDY\Desktop\BOT_TEST\button_images\continue.png
2026-05-29 16:32:47 [DEBUG] 按钮图片不存在：C:\Users\EDY\Desktop\BOT_TEST\button_images\ok.png
2026-05-29 16:32:48 [DEBUG] OpenCV未安装，降级到基础匹配模式
2026-05-29 16:32:48 [INFO] 执行全部刷新...
2026-05-29 16:32:48 [DEBUG] 基础匹配失败：
2026-05-29 16:32:48 [DEBUG] 按钮图片不存在：C:\Users\EDY\Desktop\BOT_TEST\button_images\continue.png
2026-05-29 16:32:48 [DEBUG] 按钮图片不存在：C:\Users\EDY\Desktop\BOT_TEST\button_images\ok.png
2026-05-29 16:32:48 [DEBUG] OpenCV未安装，降级到基础匹配模式
2026-05-29 16:32:49 [DEBUG] 基础匹配失败：
2026-05-29 16:32:49 [DEBUG] 按钮图片不存在：C:\Users\EDY\Desktop\BOT_TEST\button_images\continue.png
2026-05-29 16:32:49 [DEBUG] 按钮图片不存在：C:\Users\EDY\Desktop\BOT_TEST\button_images\ok.png
2026-05-29 16:32:49 [DEBUG] OpenCV未安装，降级到基础匹配模式
2026-05-29 16:32:50 [DEBUG] 基础匹配失败：
2026-05-29 16:32:50 [DEBUG] 按钮图片不存在：C:\Users\EDY\Desktop\BOT_TEST\button_images\continue.png
2026-05-29 16:32:50 [DEBUG] 按钮图片不存在：C:\Users\EDY\Desktop\BOT_TEST\button_images\ok.png
2026-05-29 16:32:50 [INFO] 没有需要验证的表格，刷新完成
2026-05-29 16:32:50 [INFO] 处理Webhook：833b098e...
2026-05-29 16:32:50 [INFO] 开始截图，共 1 个区域
2026-05-29 16:32:50 [DEBUG] 截图区域地址: $A$1:$A$2
2026-05-29 16:32:50 [INFO] 弹窗守护线程结束
2026-05-29 16:32:51 [INFO] 截图成功：[test_webhook1] 工作表[sheet1] 区域[A1]
2026-05-29 16:32:51 [DEBUG] 已将所有工作表缩放比例恢复为100%
2026-05-29 16:32:59 [DEBUG] Excel 进程已释放
2026-05-29 16:32:59 [INFO] _deliver_results 被调用
2026-05-29 16:32:59 [INFO]   webhook: 833b098e...
2026-05-29 16:32:59 [INFO]   screenshots数量: 1
2026-05-29 16:32:59 [INFO]   send_file_enable: 1
2026-05-29 16:33:00 [INFO] 发送成功：截图 学员明细备份_test_webhook1_20260529_163250_364074.png
2026-05-29 16:33:00 [INFO] send_file_enable 为真，准备发送文件
2026-05-29 16:33:00 [INFO] 准备发送文件，file_path: C:/Users/EDY/OneDrive - PPLINGO PTE LTD/自动播报文件/学员明细备份.xlsx
2026-05-29 16:33:00 [INFO] send_file_enable 检查，webhook: 833b098e...
2026-05-29 16:33:00 [INFO] 开始上传文件：学员明细备份.xlsx
2026-05-29 16:33:00 [INFO] 上传URL: https://qyapi.weixin.qq.com/cgi-bin/webhook/upload_media?key=833b098e-d8b8-43ea-bfdf-cade0d040fb6&type=file
2026-05-29 16:33:00 [INFO] 正在上传文件：C:/Users/EDY/OneDrive - PPLINGO PTE LTD/自动播报文件/学员明细备份.xlsx
2026-05-29 16:33:00 [INFO] 上传文件名：学员明细备份_2026-05-29.xlsx
2026-05-29 16:33:01 [INFO] 上传响应状态码: 200
2026-05-29 16:33:01 [INFO] 上传响应内容: {"errcode":0,"errmsg":"ok","type":"file","media_id":"3wROlEWgvmiKRbgk_dSVxeMGbg8-WIzUcj-JEpzGBgbHMqH8a5Lk3ZDlnnnuNbmpH","created_at":"1780043581"}
2026-05-29 16:33:01 [INFO] 上传结果: {'errcode': 0, 'errmsg': 'ok', 'type': 'file', 'media_id': '3wROlEWgvmiKRbgk_dSVxeMGbg8-WIzUcj-JEpzGBgbHMqH8a5Lk3ZDlnnnuNbmpH', 'created_at': '1780043581'}
2026-05-29 16:33:01 [INFO] 文件上传成功，media_id: 3wROlEWgvmiKRbgk_dSVxeMGbg8-WIzUcj-JEpzGBgbHMqH8a5Lk3ZDlnnnuNbmpH
2026-05-29 16:33:02 [INFO] 发送成功：文件 学员明细备份.xlsx
2026-05-29 16:33:02 [DEBUG] 清理临时文件：学员明细备份_test_webhook1_20260529_163250_364074.png
2026-05-29 16:33:02 [INFO] 任务耗时：27.31s
2026-05-29 16:33:02 [INFO] ====================================================================================================
2026-05-29 16:33:58 [INFO] 日志系统已初始化，日志文件：C:\Users\EDY\Desktop\BOT_TEST\logs\2026\05\2026-05-29.log
2026-05-29 16:33:58 [INFO] 成功导入 pyautogui
2026-05-29 16:33:58 [INFO] 成功加载 1 个任务
2026-05-29 16:33:58 [INFO] 进入调试模式...
2026-05-29 16:33:58 [INFO] 当前任务配置：
2026-05-29 16:33:58 [INFO]   [0] 学员明细备份.xlsx
2026-05-29 16:33:58 [INFO]     - [0] webhook: 833b098e-d..., times: ['08:35', '10:35', '12:35', '14:35', '16:35', '18:35', '20:35', '22:00']
2026-05-29 16:33:58 [INFO]     - [1] webhook: ee57f939-0..., times: ['08:40', '10:40', '12:40', '14:40', '16:40', '18:40', '20:40', '22:05']
2026-05-29 16:33:58 [INFO] 将执行任务 0 的 webhook 0
2026-05-29 16:33:58 [INFO] 执行指定的 webhook: 833b098e-d...
2026-05-29 16:33:58 [INFO] ====================================================================================================
2026-05-29 16:33:58 [INFO] 启动任务：学员明细备份.xlsx
2026-05-29 16:33:58 [INFO] Webhook：833b098e...
2026-05-29 16:33:58 [INFO] ====================================================================================================
2026-05-29 16:33:59 [DEBUG] 成功创建 Excel 实例
2026-05-29 16:33:59 [DEBUG] 成功设置 Excel 可见性: True
2026-05-29 16:33:59 [DEBUG] 成功设置 DisplayAlerts = False
2026-05-29 16:33:59 [INFO] 启动弹窗守护线程，超时时间：300秒
2026-05-29 16:33:59 [DEBUG] OpenCV未安装，降级到基础匹配模式
2026-05-29 16:34:00 [DEBUG] 基础匹配失败：
2026-05-29 16:34:00 [DEBUG] 按钮图片不存在：C:\Users\EDY\Desktop\BOT_TEST\button_images\continue.png
2026-05-29 16:34:00 [DEBUG] 按钮图片不存在：C:\Users\EDY\Desktop\BOT_TEST\button_images\ok.png
2026-05-29 16:34:00 [DEBUG] OpenCV未安装，降级到基础匹配模式
2026-05-29 16:34:00 [DEBUG] 基础匹配失败：
2026-05-29 16:34:00 [DEBUG] 按钮图片不存在：C:\Users\EDY\Desktop\BOT_TEST\button_images\continue.png
2026-05-29 16:34:00 [DEBUG] 按钮图片不存在：C:\Users\EDY\Desktop\BOT_TEST\button_images\ok.png
2026-05-29 16:34:00 [DEBUG] OpenCV未安装，降级到基础匹配模式
2026-05-29 16:34:01 [DEBUG] 基础匹配失败：
2026-05-29 16:34:01 [DEBUG] 按钮图片不存在：C:\Users\EDY\Desktop\BOT_TEST\button_images\continue.png
2026-05-29 16:34:01 [DEBUG] 按钮图片不存在：C:\Users\EDY\Desktop\BOT_TEST\button_images\ok.png
2026-05-29 16:34:01 [DEBUG] OpenCV未安装，降级到基础匹配模式
2026-05-29 16:34:02 [DEBUG] 基础匹配失败：
2026-05-29 16:34:02 [DEBUG] 按钮图片不存在：C:\Users\EDY\Desktop\BOT_TEST\button_images\continue.png
2026-05-29 16:34:02 [DEBUG] 按钮图片不存在：C:\Users\EDY\Desktop\BOT_TEST\button_images\ok.png
2026-05-29 16:34:02 [DEBUG] 成功打开文件：学员明细备份.xlsx
2026-05-29 16:34:02 [INFO] 开始刷新数据...
2026-05-29 16:34:02 [DEBUG] 发现链接数据源的表格：工作表 [昨日课量备份] - 查询 [昨日课量备份] - 范围 [$A$1:$B$59147]
2026-05-29 16:34:02 [INFO] 共发现 1 个链接了数据源的表格
2026-05-29 16:34:02 [INFO]   - 工作表 [昨日课量备份] - 查询 [昨日课量备份] - 范围 [$A$1:$B$59147]
2026-05-29 16:34:02 [INFO] 检查数据连接属性：
2026-05-29 16:34:02 [INFO]   工作表 [昨日课量备份] - 查询 [昨日课量备份]:
2026-05-29 16:34:02 [INFO]     - 全部刷新时刷新此连接: ✗ 未设置
2026-05-29 16:34:02 [DEBUG] OpenCV未安装，降级到基础匹配模式
2026-05-29 16:34:02 [DEBUG] 基础匹配失败：
2026-05-29 16:34:02 [DEBUG] 按钮图片不存在：C:\Users\EDY\Desktop\BOT_TEST\button_images\continue.png
2026-05-29 16:34:02 [DEBUG] 按钮图片不存在：C:\Users\EDY\Desktop\BOT_TEST\button_images\ok.png
2026-05-29 16:34:02 [DEBUG] OpenCV未安装，降级到基础匹配模式
2026-05-29 16:34:03 [DEBUG] 基础匹配失败：
2026-05-29 16:34:03 [DEBUG] 按钮图片不存在：C:\Users\EDY\Desktop\BOT_TEST\button_images\continue.png
2026-05-29 16:34:03 [DEBUG] 按钮图片不存在：C:\Users\EDY\Desktop\BOT_TEST\button_images\ok.png
2026-05-29 16:34:03 [DEBUG] OpenCV未安装，降级到基础匹配模式
2026-05-29 16:34:03 [DEBUG] 基础匹配失败：
2026-05-29 16:34:03 [DEBUG] 按钮图片不存在：C:\Users\EDY\Desktop\BOT_TEST\button_images\continue.png
2026-05-29 16:34:03 [DEBUG] 按钮图片不存在：C:\Users\EDY\Desktop\BOT_TEST\button_images\ok.png
2026-05-29 16:34:04 [DEBUG] OpenCV未安装，降级到基础匹配模式
2026-05-29 16:34:04 [DEBUG] 基础匹配失败：
2026-05-29 16:34:04 [DEBUG] 按钮图片不存在：C:\Users\EDY\Desktop\BOT_TEST\button_images\continue.png
2026-05-29 16:34:04 [DEBUG] 按钮图片不存在：C:\Users\EDY\Desktop\BOT_TEST\button_images\ok.png
2026-05-29 16:34:04 [DEBUG] OpenCV未安装，降级到基础匹配模式
2026-05-29 16:34:05 [DEBUG] 基础匹配失败：
2026-05-29 16:34:05 [DEBUG] 按钮图片不存在：C:\Users\EDY\Desktop\BOT_TEST\button_images\continue.png
2026-05-29 16:34:05 [DEBUG] 按钮图片不存在：C:\Users\EDY\Desktop\BOT_TEST\button_images\ok.png
2026-05-29 16:34:05 [DEBUG] OpenCV未安装，降级到基础匹配模式
2026-05-29 16:34:06 [DEBUG] 基础匹配失败：
2026-05-29 16:34:06 [DEBUG] 按钮图片不存在：C:\Users\EDY\Desktop\BOT_TEST\button_images\continue.png
2026-05-29 16:34:06 [DEBUG] 按钮图片不存在：C:\Users\EDY\Desktop\BOT_TEST\button_images\ok.png
2026-05-29 16:34:06 [DEBUG] OpenCV未安装，降级到基础匹配模式
2026-05-29 16:34:07 [DEBUG] 基础匹配失败：
2026-05-29 16:34:07 [DEBUG] 按钮图片不存在：C:\Users\EDY\Desktop\BOT_TEST\button_images\continue.png
2026-05-29 16:34:07 [DEBUG] 按钮图片不存在：C:\Users\EDY\Desktop\BOT_TEST\button_images\ok.png
2026-05-29 16:34:07 [DEBUG] OpenCV未安装，降级到基础匹配模式
2026-05-29 16:34:08 [DEBUG] 基础匹配失败：
2026-05-29 16:34:08 [DEBUG] 按钮图片不存在：C:\Users\EDY\Desktop\BOT_TEST\button_images\continue.png
2026-05-29 16:34:08 [DEBUG] 按钮图片不存在：C:\Users\EDY\Desktop\BOT_TEST\button_images\ok.png
2026-05-29 16:34:08 [DEBUG] OpenCV未安装，降级到基础匹配模式
2026-05-29 16:34:08 [DEBUG] 基础匹配失败：
2026-05-29 16:34:08 [DEBUG] 按钮图片不存在：C:\Users\EDY\Desktop\BOT_TEST\button_images\continue.png
2026-05-29 16:34:08 [DEBUG] 按钮图片不存在：C:\Users\EDY\Desktop\BOT_TEST\button_images\ok.png
2026-05-29 16:34:09 [DEBUG] OpenCV未安装，降级到基础匹配模式
2026-05-29 16:34:09 [DEBUG] 基础匹配失败：
2026-05-29 16:34:09 [DEBUG] 按钮图片不存在：C:\Users\EDY\Desktop\BOT_TEST\button_images\continue.png
2026-05-29 16:34:09 [DEBUG] 按钮图片不存在：C:\Users\EDY\Desktop\BOT_TEST\button_images\ok.png
2026-05-29 16:34:09 [DEBUG] OpenCV未安装，降级到基础匹配模式
2026-05-29 16:34:10 [DEBUG] 基础匹配失败：
2026-05-29 16:34:10 [DEBUG] 按钮图片不存在：C:\Users\EDY\Desktop\BOT_TEST\button_images\continue.png
2026-05-29 16:34:10 [DEBUG] 按钮图片不存在：C:\Users\EDY\Desktop\BOT_TEST\button_images\ok.png
2026-05-29 16:34:10 [DEBUG] OpenCV未安装，降级到基础匹配模式
2026-05-29 16:34:11 [DEBUG] 基础匹配失败：
2026-05-29 16:34:11 [DEBUG] 按钮图片不存在：C:\Users\EDY\Desktop\BOT_TEST\button_images\continue.png
2026-05-29 16:34:11 [DEBUG] 按钮图片不存在：C:\Users\EDY\Desktop\BOT_TEST\button_images\ok.png
2026-05-29 16:34:11 [DEBUG] OpenCV未安装，降级到基础匹配模式
2026-05-29 16:34:11 [DEBUG] 基础匹配失败：
2026-05-29 16:34:11 [DEBUG] 按钮图片不存在：C:\Users\EDY\Desktop\BOT_TEST\button_images\continue.png
2026-05-29 16:34:11 [DEBUG] 按钮图片不存在：C:\Users\EDY\Desktop\BOT_TEST\button_images\ok.png
2026-05-29 16:34:11 [DEBUG] OpenCV未安装，降级到基础匹配模式
2026-05-29 16:34:12 [INFO] 执行全部刷新...
2026-05-29 16:34:12 [DEBUG] 基础匹配失败：
2026-05-29 16:34:12 [DEBUG] 按钮图片不存在：C:\Users\EDY\Desktop\BOT_TEST\button_images\continue.png
2026-05-29 16:34:12 [DEBUG] 按钮图片不存在：C:\Users\EDY\Desktop\BOT_TEST\button_images\ok.png
2026-05-29 16:34:12 [DEBUG] OpenCV未安装，降级到基础匹配模式
2026-05-29 16:34:13 [DEBUG] 基础匹配失败：
2026-05-29 16:34:13 [DEBUG] 按钮图片不存在：C:\Users\EDY\Desktop\BOT_TEST\button_images\continue.png
2026-05-29 16:34:13 [DEBUG] 按钮图片不存在：C:\Users\EDY\Desktop\BOT_TEST\button_images\ok.png
2026-05-29 16:34:13 [DEBUG] OpenCV未安装，降级到基础匹配模式
2026-05-29 16:34:14 [INFO] 没有需要验证的表格，刷新完成
2026-05-29 16:34:14 [DEBUG] 基础匹配失败：
2026-05-29 16:34:14 [DEBUG] 按钮图片不存在：C:\Users\EDY\Desktop\BOT_TEST\button_images\continue.png
2026-05-29 16:34:14 [DEBUG] 按钮图片不存在：C:\Users\EDY\Desktop\BOT_TEST\button_images\ok.png
2026-05-29 16:34:14 [INFO] 处理Webhook：833b098e...
2026-05-29 16:34:14 [INFO] 开始截图，共 1 个区域
2026-05-29 16:34:14 [DEBUG] 截图区域地址: $A$1:$A$2
2026-05-29 16:34:14 [INFO] 弹窗守护线程结束
2026-05-29 16:34:15 [INFO] 截图成功：[test_webhook1] 工作表[sheet1] 区域[A1]
2026-05-29 16:34:15 [DEBUG] 已将所有工作表缩放比例恢复为100%
2026-05-29 16:34:19 [DEBUG] Excel 进程已释放
2026-05-29 16:34:19 [INFO] _deliver_results 被调用
2026-05-29 16:34:19 [INFO]   webhook: 833b098e...
2026-05-29 16:34:19 [INFO]   screenshots数量: 1
2026-05-29 16:34:19 [INFO]   send_file_enable: 1
2026-05-29 16:34:20 [INFO] 发送成功：截图 学员明细备份_test_webhook1_20260529_163414_260227.png
2026-05-29 16:34:20 [INFO] send_file_enable 为真，准备发送文件
2026-05-29 16:34:20 [INFO] 准备发送文件，file_path: C:/Users/EDY/OneDrive - PPLINGO PTE LTD/自动播报文件/学员明细备份.xlsx
2026-05-29 16:34:20 [INFO] send_file_enable 检查，webhook: 833b098e...
2026-05-29 16:34:20 [INFO] 开始上传文件：学员明细备份.xlsx
2026-05-29 16:34:20 [INFO] 上传URL: https://qyapi.weixin.qq.com/cgi-bin/webhook/upload_media?key=833b098e-d8b8-43ea-bfdf-cade0d040fb6&type=file
2026-05-29 16:34:20 [INFO] 正在上传文件：C:/Users/EDY/OneDrive - PPLINGO PTE LTD/自动播报文件/学员明细备份.xlsx
2026-05-29 16:34:20 [INFO] 上传文件名：学员明细备份_2026-05-29.xlsx
2026-05-29 16:34:21 [INFO] 上传响应状态码: 200
2026-05-29 16:34:21 [INFO] 上传响应内容: {"errcode":0,"errmsg":"ok","type":"file","media_id":"3w5ApagdNIsxwW5L0IX6vlSrAmtb6KXOapY_515wU0JXjt8y8sg4TYOPUUZ6c79qr","created_at":"1780043661"}
2026-05-29 16:34:21 [INFO] 上传结果: {'errcode': 0, 'errmsg': 'ok', 'type': 'file', 'media_id': '3w5ApagdNIsxwW5L0IX6vlSrAmtb6KXOapY_515wU0JXjt8y8sg4TYOPUUZ6c79qr', 'created_at': '1780043661'}
2026-05-29 16:34:21 [INFO] 文件上传成功，media_id: 3w5ApagdNIsxwW5L0IX6vlSrAmtb6KXOapY_515wU0JXjt8y8sg4TYOPUUZ6c79qr
2026-05-29 16:34:21 [INFO] 发送成功：文件 学员明细备份.xlsx
2026-05-29 16:34:21 [DEBUG] 清理临时文件：学员明细备份_test_webhook1_20260529_163414_260227.png
2026-05-29 16:34:21 [INFO] 任务耗时：22.92s
2026-05-29 16:34:21 [INFO] ====================================================================================================
2026-05-29 16:35:23 [INFO] 日志系统已初始化，日志文件：C:\Users\EDY\Desktop\BOT_TEST\logs\2026\05\2026-05-29.log
2026-05-29 16:35:23 [INFO] 成功导入 pyautogui
2026-05-29 16:35:23 [INFO] 成功加载 1 个任务
2026-05-29 16:35:23 [INFO] 进入调试模式...
2026-05-29 16:35:23 [INFO] 当前任务配置：
2026-05-29 16:35:23 [INFO]   [0] 学员明细备份.xlsx
2026-05-29 16:35:23 [INFO]     - [0] webhook: 833b098e-d..., times: ['08:35', '10:35', '12:35', '14:35', '16:35', '18:35', '20:35', '22:00']
2026-05-29 16:35:23 [INFO]     - [1] webhook: ee57f939-0..., times: ['08:40', '10:40', '12:40', '14:40', '16:40', '18:40', '20:40', '22:05']
2026-05-29 16:35:23 [INFO] 将执行任务 0 的 webhook 0
2026-05-29 16:35:23 [INFO] 执行指定的 webhook: 833b098e-d...
2026-05-29 16:35:23 [INFO] ====================================================================================================
2026-05-29 16:35:23 [INFO] 启动任务：学员明细备份.xlsx
2026-05-29 16:35:23 [INFO] Webhook：833b098e...
2026-05-29 16:35:23 [INFO] ====================================================================================================
2026-05-29 16:35:24 [DEBUG] 成功创建 Excel 实例
2026-05-29 16:35:24 [DEBUG] 成功设置 Excel 可见性: True
2026-05-29 16:35:24 [DEBUG] 成功设置 DisplayAlerts = False
2026-05-29 16:35:24 [INFO] 启动弹窗守护线程，超时时间：300秒
2026-05-29 16:35:24 [DEBUG] OpenCV未安装，降级到基础匹配模式
2026-05-29 16:35:25 [DEBUG] 基础匹配失败：
2026-05-29 16:35:25 [DEBUG] 按钮图片不存在：C:\Users\EDY\Desktop\BOT_TEST\button_images\continue.png
2026-05-29 16:35:25 [DEBUG] 按钮图片不存在：C:\Users\EDY\Desktop\BOT_TEST\button_images\ok.png
2026-05-29 16:35:26 [DEBUG] 成功打开文件：学员明细备份.xlsx
2026-05-29 16:35:26 [INFO] 开始刷新数据...
2026-05-29 16:35:26 [DEBUG] 发现链接数据源的表格：工作表 [昨日课量备份] - 查询 [昨日课量备份] - 范围 [$A$1:$B$59147]
2026-05-29 16:35:26 [INFO] 共发现 1 个链接了数据源的表格
2026-05-29 16:35:26 [INFO]   - 工作表 [昨日课量备份] - 查询 [昨日课量备份] - 范围 [$A$1:$B$59147]
2026-05-29 16:35:26 [INFO] 检查数据连接属性：
2026-05-29 16:35:26 [INFO]   工作表 [昨日课量备份] - 查询 [昨日课量备份]:
2026-05-29 16:35:26 [INFO]     - 全部刷新时刷新此连接: ✗ 未设置
2026-05-29 16:35:27 [DEBUG] OpenCV未安装，降级到基础匹配模式
2026-05-29 16:35:27 [DEBUG] 基础匹配失败：
2026-05-29 16:35:27 [DEBUG] 按钮图片不存在：C:\Users\EDY\Desktop\BOT_TEST\button_images\continue.png
2026-05-29 16:35:27 [DEBUG] 按钮图片不存在：C:\Users\EDY\Desktop\BOT_TEST\button_images\ok.png
2026-05-29 16:35:29 [DEBUG] OpenCV未安装，降级到基础匹配模式
2026-05-29 16:35:30 [DEBUG] 基础匹配失败：
2026-05-29 16:35:30 [DEBUG] 按钮图片不存在：C:\Users\EDY\Desktop\BOT_TEST\button_images\continue.png
2026-05-29 16:35:30 [DEBUG] 按钮图片不存在：C:\Users\EDY\Desktop\BOT_TEST\button_images\ok.png
2026-05-29 16:35:32 [DEBUG] OpenCV未安装，降级到基础匹配模式
2026-05-29 16:35:32 [DEBUG] 基础匹配失败：
2026-05-29 16:35:33 [DEBUG] 按钮图片不存在：C:\Users\EDY\Desktop\BOT_TEST\button_images\continue.png
2026-05-29 16:35:33 [DEBUG] 按钮图片不存在：C:\Users\EDY\Desktop\BOT_TEST\button_images\ok.png
2026-05-29 16:35:35 [DEBUG] OpenCV未安装，降级到基础匹配模式
2026-05-29 16:35:35 [DEBUG] 基础匹配失败：
2026-05-29 16:35:35 [DEBUG] 按钮图片不存在：C:\Users\EDY\Desktop\BOT_TEST\button_images\continue.png
2026-05-29 16:35:35 [DEBUG] 按钮图片不存在：C:\Users\EDY\Desktop\BOT_TEST\button_images\ok.png
2026-05-29 16:35:36 [INFO] 执行全部刷新...
2026-05-29 16:35:37 [DEBUG] OpenCV未安装，降级到基础匹配模式
2026-05-29 16:35:38 [DEBUG] 基础匹配失败：
2026-05-29 16:35:38 [DEBUG] 按钮图片不存在：C:\Users\EDY\Desktop\BOT_TEST\button_images\continue.png
2026-05-29 16:35:38 [DEBUG] 按钮图片不存在：C:\Users\EDY\Desktop\BOT_TEST\button_images\ok.png
2026-05-29 16:35:38 [INFO] 没有需要验证的表格，刷新完成
2026-05-29 16:35:38 [INFO] 处理Webhook：833b098e...
2026-05-29 16:35:38 [INFO] 开始截图，共 1 个区域
2026-05-29 16:35:38 [DEBUG] 截图区域地址: $A$1:$A$2
2026-05-29 16:35:39 [INFO] 截图成功：[test_webhook1] 工作表[sheet1] 区域[A1]
2026-05-29 16:35:40 [DEBUG] 已将所有工作表缩放比例恢复为100%
2026-05-29 16:35:40 [INFO] 弹窗守护线程结束
2026-05-29 16:35:49 [DEBUG] Excel 进程已释放
2026-05-29 16:35:49 [INFO] _deliver_results 被调用
2026-05-29 16:35:49 [INFO]   webhook: 833b098e...
2026-05-29 16:35:49 [INFO]   screenshots数量: 1
2026-05-29 16:35:49 [INFO]   send_file_enable: 1
2026-05-29 16:35:49 [INFO] 发送成功：截图 学员明细备份_test_webhook1_20260529_163538_771413.png
2026-05-29 16:35:49 [INFO] send_file_enable 为真，准备发送文件
2026-05-29 16:35:49 [INFO] 准备发送文件，file_path: C:/Users/EDY/OneDrive - PPLINGO PTE LTD/自动播报文件/学员明细备份.xlsx
2026-05-29 16:35:49 [INFO] send_file_enable 检查，webhook: 833b098e...
2026-05-29 16:35:49 [INFO] 开始上传文件：学员明细备份.xlsx
2026-05-29 16:35:49 [INFO] 上传URL: https://qyapi.weixin.qq.com/cgi-bin/webhook/upload_media?key=833b098e-d8b8-43ea-bfdf-cade0d040fb6&type=file
2026-05-29 16:35:49 [INFO] 正在上传文件：C:/Users/EDY/OneDrive - PPLINGO PTE LTD/自动播报文件/学员明细备份.xlsx
2026-05-29 16:35:49 [INFO] 上传文件名：学员明细备份_2026-05-29.xlsx
2026-05-29 16:35:50 [INFO] 上传响应状态码: 200
2026-05-29 16:35:50 [INFO] 上传响应内容: {"errcode":0,"errmsg":"ok","type":"file","media_id":"3ECeG41QggFSj5KO69xy28iDusUusHZAa1gbssVVE6_GuRcVl5SQ4Xc6-K_YPyGKM","created_at":"1780043750"}
2026-05-29 16:35:50 [INFO] 上传结果: {'errcode': 0, 'errmsg': 'ok', 'type': 'file', 'media_id': '3ECeG41QggFSj5KO69xy28iDusUusHZAa1gbssVVE6_GuRcVl5SQ4Xc6-K_YPyGKM', 'created_at': '1780043750'}
2026-05-29 16:35:50 [INFO] 文件上传成功，media_id: 3ECeG41QggFSj5KO69xy28iDusUusHZAa1gbssVVE6_GuRcVl5SQ4Xc6-K_YPyGKM
2026-05-29 16:35:51 [INFO] 发送成功：文件 学员明细备份.xlsx
2026-05-29 16:35:51 [DEBUG] 清理临时文件：学员明细备份_test_webhook1_20260529_163538_771413.png
2026-05-29 16:35:51 [INFO] 任务耗时：27.84s
2026-05-29 16:35:51 [INFO] ====================================================================================================
2026-05-29 16:35:54 [INFO] 日志系统已初始化，日志文件：C:\Users\EDY\Desktop\BOT_TEST\logs\2026\05\2026-05-29.log
2026-05-29 16:35:54 [INFO] 成功导入 pyautogui
2026-05-29 16:35:54 [INFO] 成功加载 1 个任务
2026-05-29 16:35:54 [INFO] 进入调试模式...
2026-05-29 16:35:54 [INFO] 当前任务配置：
2026-05-29 16:35:54 [INFO]   [0] 学员明细备份.xlsx
2026-05-29 16:35:54 [INFO]     - [0] webhook: 833b098e-d..., times: ['08:35', '10:35', '12:35', '14:35', '16:35', '18:35', '20:35', '22:00']
2026-05-29 16:35:54 [INFO]     - [1] webhook: ee57f939-0..., times: ['08:40', '10:40', '12:40', '14:40', '16:40', '18:40', '20:40', '22:05']
2026-05-29 16:35:54 [INFO] 将执行任务 0 的 webhook 0
2026-05-29 16:35:54 [INFO] 执行指定的 webhook: 833b098e-d...
2026-05-29 16:35:54 [INFO] ====================================================================================================
2026-05-29 16:35:54 [INFO] 启动任务：学员明细备份.xlsx
2026-05-29 16:35:54 [INFO] Webhook：833b098e...
2026-05-29 16:35:54 [INFO] ====================================================================================================
2026-05-29 16:35:54 [DEBUG] 成功创建 Excel 实例
2026-05-29 16:35:55 [DEBUG] 成功设置 Excel 可见性: True
2026-05-29 16:35:55 [DEBUG] 成功设置 DisplayAlerts = False
2026-05-29 16:35:55 [INFO] 启动弹窗守护线程，超时时间：300秒
2026-05-29 16:35:55 [DEBUG] OpenCV未安装，降级到基础匹配模式
2026-05-29 16:35:55 [DEBUG] 基础匹配失败：
2026-05-29 16:35:55 [DEBUG] 按钮图片不存在：C:\Users\EDY\Desktop\BOT_TEST\button_images\continue.png
2026-05-29 16:35:55 [DEBUG] 按钮图片不存在：C:\Users\EDY\Desktop\BOT_TEST\button_images\ok.png
2026-05-29 16:35:57 [DEBUG] 成功打开文件：学员明细备份.xlsx
2026-05-29 16:35:57 [INFO] 开始刷新数据...
2026-05-29 16:35:57 [DEBUG] 发现链接数据源的表格：工作表 [昨日课量备份] - 查询 [昨日课量备份] - 范围 [$A$1:$B$59147]
2026-05-29 16:35:57 [INFO] 共发现 1 个链接了数据源的表格
2026-05-29 16:35:57 [INFO]   - 工作表 [昨日课量备份] - 查询 [昨日课量备份] - 范围 [$A$1:$B$59147]
2026-05-29 16:35:57 [INFO] 检查数据连接属性：
2026-05-29 16:35:57 [INFO]   工作表 [昨日课量备份] - 查询 [昨日课量备份]:
2026-05-29 16:35:57 [INFO]     - 全部刷新时刷新此连接: ✗ 未设置
2026-05-29 16:35:57 [DEBUG] OpenCV未安装，降级到基础匹配模式
2026-05-29 16:35:58 [DEBUG] 基础匹配失败：
2026-05-29 16:35:58 [DEBUG] 按钮图片不存在：C:\Users\EDY\Desktop\BOT_TEST\button_images\continue.png
2026-05-29 16:35:58 [DEBUG] 按钮图片不存在：C:\Users\EDY\Desktop\BOT_TEST\button_images\ok.png
2026-05-29 16:36:00 [DEBUG] OpenCV未安装，降级到基础匹配模式
2026-05-29 16:36:01 [DEBUG] 基础匹配失败：
2026-05-29 16:36:01 [DEBUG] 按钮图片不存在：C:\Users\EDY\Desktop\BOT_TEST\button_images\continue.png
2026-05-29 16:36:01 [DEBUG] 按钮图片不存在：C:\Users\EDY\Desktop\BOT_TEST\button_images\ok.png
2026-05-29 16:36:03 [DEBUG] OpenCV未安装，降级到基础匹配模式
2026-05-29 16:36:04 [DEBUG] 基础匹配失败：
2026-05-29 16:36:04 [DEBUG] 按钮图片不存在：C:\Users\EDY\Desktop\BOT_TEST\button_images\continue.png
2026-05-29 16:36:04 [DEBUG] 按钮图片不存在：C:\Users\EDY\Desktop\BOT_TEST\button_images\ok.png
2026-05-29 16:36:06 [DEBUG] OpenCV未安装，降级到基础匹配模式
2026-05-29 16:36:06 [DEBUG] 基础匹配失败：
2026-05-29 16:36:06 [DEBUG] 按钮图片不存在：C:\Users\EDY\Desktop\BOT_TEST\button_images\continue.png
2026-05-29 16:36:06 [DEBUG] 按钮图片不存在：C:\Users\EDY\Desktop\BOT_TEST\button_images\ok.png
2026-05-29 16:36:07 [INFO] 执行全部刷新...
2026-05-29 16:36:08 [INFO] 没有需要验证的表格，刷新完成
2026-05-29 16:36:08 [DEBUG] OpenCV未安装，降级到基础匹配模式
2026-05-29 16:36:09 [INFO] 处理Webhook：833b098e...
2026-05-29 16:36:09 [INFO] 开始截图，共 1 个区域
2026-05-29 16:36:09 [DEBUG] 基础匹配失败：
2026-05-29 16:36:09 [DEBUG] 按钮图片不存在：C:\Users\EDY\Desktop\BOT_TEST\button_images\continue.png
2026-05-29 16:36:09 [DEBUG] 按钮图片不存在：C:\Users\EDY\Desktop\BOT_TEST\button_images\ok.png
2026-05-29 16:36:09 [DEBUG] 截图区域地址: $A$1:$A$2
2026-05-29 16:36:10 [INFO] 截图成功：[test_webhook1] 工作表[sheet1] 区域[A1]
2026-05-29 16:36:10 [DEBUG] 已将所有工作表缩放比例恢复为100%
2026-05-29 16:36:11 [INFO] 弹窗守护线程结束
2026-05-29 16:36:18 [DEBUG] Excel 进程已释放
2026-05-29 16:36:18 [INFO] _deliver_results 被调用
2026-05-29 16:36:18 [INFO]   webhook: 833b098e...
2026-05-29 16:36:18 [INFO]   screenshots数量: 1
2026-05-29 16:36:18 [INFO]   send_file_enable: 1
2026-05-29 16:36:19 [INFO] 发送成功：截图 学员明细备份_test_webhook1_20260529_163609_466317.png
2026-05-29 16:36:19 [INFO] send_file_enable 为真，准备发送文件
2026-05-29 16:36:19 [INFO] 准备发送文件，file_path: C:/Users/EDY/OneDrive - PPLINGO PTE LTD/自动播报文件/学员明细备份.xlsx
2026-05-29 16:36:19 [INFO] send_file_enable 检查，webhook: 833b098e...
2026-05-29 16:36:19 [INFO] 开始上传文件：学员明细备份.xlsx
2026-05-29 16:36:19 [INFO] 上传URL: https://qyapi.weixin.qq.com/cgi-bin/webhook/upload_media?key=833b098e-d8b8-43ea-bfdf-cade0d040fb6&type=file
2026-05-29 16:36:19 [INFO] 正在上传文件：C:/Users/EDY/OneDrive - PPLINGO PTE LTD/自动播报文件/学员明细备份.xlsx
2026-05-29 16:36:19 [INFO] 上传文件名：学员明细备份_2026-05-29.xlsx
2026-05-29 16:36:20 [INFO] 上传响应状态码: 200
2026-05-29 16:36:20 [INFO] 上传响应内容: {"errcode":0,"errmsg":"ok","type":"file","media_id":"3rIPE2hWPffOVQ-NZlgC3K-q6b9wsDwOGSZPUwklaWpwlPlAATFkzIFuZ8FvKWyVe","created_at":"1780043780"}
2026-05-29 16:36:20 [INFO] 上传结果: {'errcode': 0, 'errmsg': 'ok', 'type': 'file', 'media_id': '3rIPE2hWPffOVQ-NZlgC3K-q6b9wsDwOGSZPUwklaWpwlPlAATFkzIFuZ8FvKWyVe', 'created_at': '1780043780'}
2026-05-29 16:36:20 [INFO] 文件上传成功，media_id: 3rIPE2hWPffOVQ-NZlgC3K-q6b9wsDwOGSZPUwklaWpwlPlAATFkzIFuZ8FvKWyVe
2026-05-29 16:36:21 [INFO] 发送成功：文件 学员明细备份.xlsx
2026-05-29 16:36:21 [DEBUG] 清理临时文件：学员明细备份_test_webhook1_20260529_163609_466317.png
2026-05-29 16:36:21 [INFO] 任务耗时：26.48s
2026-05-29 16:36:21 [INFO] ====================================================================================================
2026-05-29 16:38:30 [INFO] 日志系统已初始化，日志文件：C:\Users\EDY\Desktop\BOT_TEST\logs\2026\05\2026-05-29.log
2026-05-29 16:38:30 [INFO] 成功导入 pyautogui
2026-05-29 16:38:30 [INFO] 成功加载 1 个任务
2026-05-29 16:38:30 [INFO] 进入调试模式...
2026-05-29 16:38:30 [INFO] 当前任务配置：
2026-05-29 16:38:30 [INFO]   [0] 学员明细备份.xlsx
2026-05-29 16:38:30 [INFO]     - [0] webhook: 833b098e-d..., times: ['08:35', '10:35', '12:35', '14:35', '16:35', '18:35', '20:35', '22:00']
2026-05-29 16:38:30 [INFO]     - [1] webhook: ee57f939-0..., times: ['08:40', '10:40', '12:40', '14:40', '16:40', '18:40', '20:40', '22:05']
2026-05-29 16:38:30 [INFO] 将执行任务 0 的 webhook 0
2026-05-29 16:38:30 [INFO] 执行指定的 webhook: 833b098e-d...
2026-05-29 16:38:30 [INFO] ====================================================================================================
2026-05-29 16:38:30 [INFO] 启动任务：学员明细备份.xlsx
2026-05-29 16:38:30 [INFO] Webhook：833b098e...
2026-05-29 16:38:30 [INFO] ====================================================================================================
2026-05-29 16:38:31 [DEBUG] 成功创建 Excel 实例
2026-05-29 16:38:31 [DEBUG] 成功设置 Excel 可见性: True
2026-05-29 16:38:31 [DEBUG] 成功设置 DisplayAlerts = False
2026-05-29 16:38:31 [INFO] 启动弹窗守护线程，超时时间：300秒
2026-05-29 16:38:31 [DEBUG] OpenCV未安装，降级到基础匹配模式
2026-05-29 16:38:31 [DEBUG] Excel 进程已释放
2026-05-29 16:38:31 [ERROR] 任务异常：Excel 启动失败：(-2147352567, '发生意外。', (0, 'Microsoft Excel', 'Microsoft Excel 不能访问文件“C:\\Users\\EDY\\OneDrive - PPLINGO PTE LTD\\自动播报文件\\学员明细备份.xlsx”。 可能的原因有以下几个:\n\n• 文件名称或路径不存在。\n• 文件正被其他程序使用。\n• 您正要保存的工作簿与当前打开的工作簿同名。', 'xlmain11.chm', 0, -2146827284), None)
Traceback (most recent call last):
  File "C:\Users\EDY\Desktop\BOT_TEST\excel.py", line 150, in __enter__
    self.workbook = self.excel.Workbooks.Open(self.file_path)
  File "<COMObject <unknown>>", line 5, in Open
pywintypes.com_error: (-2147352567, '发生意外。', (0, 'Microsoft Excel', 'Microsoft Excel 不能访问文件“C:\\Users\\EDY\\OneDrive - PPLINGO PTE LTD\\自动播报文件\\学员明细备份.xlsx”。 可能的原因有以下几个:\n\n• 文件名称或路径不存在。\n• 文件正被其他程序使用。\n• 您正要保存的工作簿与当前打开的工作簿同名。', 'xlmain11.chm', 0, -2146827284), None)

During handling of the above exception, another exception occurred:

Traceback (most recent call last):
  File "C:\Users\EDY\Desktop\BOT_TEST\excel.py", line 652, in execute
    with ExcelProcessor(
  File "C:\Users\EDY\Desktop\BOT_TEST\excel.py", line 171, in __enter__
    raise RuntimeError(f"Excel 启动失败：{str(e)}")
RuntimeError: Excel 启动失败：(-2147352567, '发生意外。', (0, 'Microsoft Excel', 'Microsoft Excel 不能访问文件“C:\\Users\\EDY\\OneDrive - PPLINGO PTE LTD\\自动播报文件\\学员明细备份.xlsx”。 可能的原因有以下几个:\n\n• 文件名称或路径不存在。\n• 文件正被其他程序使用。\n• 您正要保存的工作簿与当前打开的工作簿同名。', 'xlmain11.chm', 0, -2146827284), None)
2026-05-29 16:38:31 [DEBUG] 基础匹配失败：
2026-05-29 16:38:31 [DEBUG] 按钮图片不存在：C:\Users\EDY\Desktop\BOT_TEST\button_images\continue.png
2026-05-29 16:38:31 [DEBUG] 按钮图片不存在：C:\Users\EDY\Desktop\BOT_TEST\button_images\ok.png
2026-05-29 16:38:32 [INFO] 发送成功：任务启动失败通知
2026-05-29 16:38:32 [INFO] 任务耗时：1.65s
2026-05-29 16:38:32 [INFO] ====================================================================================================
2026-05-29 16:38:42 [INFO] 日志系统已初始化，日志文件：C:\Users\EDY\Desktop\BOT_TEST\logs\2026\05\2026-05-29.log
2026-05-29 16:38:42 [INFO] 成功导入 pyautogui
2026-05-29 16:38:42 [INFO] 成功加载 1 个任务
2026-05-29 16:38:42 [INFO] 进入调试模式...
2026-05-29 16:38:42 [INFO] 当前任务配置：
2026-05-29 16:38:42 [INFO]   [0] 学员明细备份.xlsx
2026-05-29 16:38:42 [INFO]     - [0] webhook: 833b098e-d..., times: ['08:35', '10:35', '12:35', '14:35', '16:35', '18:35', '20:35', '22:00']
2026-05-29 16:38:42 [INFO]     - [1] webhook: ee57f939-0..., times: ['08:40', '10:40', '12:40', '14:40', '16:40', '18:40', '20:40', '22:05']
2026-05-29 16:38:42 [INFO] 将执行任务 0 的 webhook 0
2026-05-29 16:38:42 [INFO] 执行指定的 webhook: 833b098e-d...
2026-05-29 16:38:42 [INFO] ====================================================================================================
2026-05-29 16:38:42 [INFO] 启动任务：学员明细备份.xlsx
2026-05-29 16:38:42 [INFO] Webhook：833b098e...
2026-05-29 16:38:42 [INFO] ====================================================================================================
2026-05-29 16:38:42 [DEBUG] 成功创建 Excel 实例
2026-05-29 16:38:42 [DEBUG] 成功设置 Excel 可见性: True
2026-05-29 16:38:42 [DEBUG] 成功设置 DisplayAlerts = False
2026-05-29 16:38:42 [INFO] 启动弹窗守护线程，超时时间：300秒
2026-05-29 16:38:42 [DEBUG] OpenCV未安装，降级到基础匹配模式
2026-05-29 16:38:43 [DEBUG] 基础匹配失败：
2026-05-29 16:38:43 [DEBUG] 按钮图片不存在：C:\Users\EDY\Desktop\BOT_TEST\button_images\continue.png
2026-05-29 16:38:43 [DEBUG] 按钮图片不存在：C:\Users\EDY\Desktop\BOT_TEST\button_images\ok.png
2026-05-29 16:38:44 [DEBUG] 成功打开文件：学员明细备份.xlsx
2026-05-29 16:38:44 [INFO] 开始刷新数据...
2026-05-29 16:38:44 [DEBUG] 发现链接数据源的表格：工作表 [昨日课量备份] - 查询 [昨日课量备份] - 范围 [$A$1:$B$59147]
2026-05-29 16:38:44 [INFO] 共发现 1 个链接了数据源的表格
2026-05-29 16:38:44 [INFO]   - 工作表 [昨日课量备份] - 查询 [昨日课量备份] - 范围 [$A$1:$B$59147]
2026-05-29 16:38:44 [INFO] 检查数据连接属性：
2026-05-29 16:38:44 [INFO]   工作表 [昨日课量备份] - 查询 [昨日课量备份]:
2026-05-29 16:38:44 [INFO]     - 全部刷新时刷新此连接: ✗ 未设置
2026-05-29 16:38:45 [DEBUG] OpenCV未安装，降级到基础匹配模式
2026-05-29 16:38:46 [DEBUG] 基础匹配失败：
2026-05-29 16:38:46 [DEBUG] 按钮图片不存在：C:\Users\EDY\Desktop\BOT_TEST\button_images\continue.png
2026-05-29 16:38:46 [DEBUG] 按钮图片不存在：C:\Users\EDY\Desktop\BOT_TEST\button_images\ok.png
2026-05-29 16:38:48 [DEBUG] OpenCV未安装，降级到基础匹配模式
2026-05-29 16:38:48 [DEBUG] 基础匹配失败：
2026-05-29 16:38:48 [DEBUG] 按钮图片不存在：C:\Users\EDY\Desktop\BOT_TEST\button_images\continue.png
2026-05-29 16:38:48 [DEBUG] 按钮图片不存在：C:\Users\EDY\Desktop\BOT_TEST\button_images\ok.png
2026-05-29 16:38:50 [DEBUG] OpenCV未安装，降级到基础匹配模式
2026-05-29 16:38:51 [DEBUG] 基础匹配失败：
2026-05-29 16:38:51 [DEBUG] 按钮图片不存在：C:\Users\EDY\Desktop\BOT_TEST\button_images\continue.png
2026-05-29 16:38:51 [DEBUG] 按钮图片不存在：C:\Users\EDY\Desktop\BOT_TEST\button_images\ok.png
2026-05-29 16:38:53 [DEBUG] OpenCV未安装，降级到基础匹配模式
2026-05-29 16:38:54 [DEBUG] 基础匹配失败：
2026-05-29 16:38:54 [DEBUG] 按钮图片不存在：C:\Users\EDY\Desktop\BOT_TEST\button_images\continue.png
2026-05-29 16:38:54 [DEBUG] 按钮图片不存在：C:\Users\EDY\Desktop\BOT_TEST\button_images\ok.png
2026-05-29 16:38:54 [INFO] 执行全部刷新...
2026-05-29 16:38:56 [INFO] 没有需要验证的表格，刷新完成
2026-05-29 16:38:56 [INFO] 处理Webhook：833b098e...
2026-05-29 16:38:56 [INFO] 开始截图，共 1 个区域
2026-05-29 16:38:56 [ERROR] 截图异常 [test_webhook1]：(-2147352567, '发生意外。', (0, None, None, None, 0, -2147352565), None)
2026-05-29 16:38:56 [INFO] 弹窗守护线程结束
2026-05-29 16:38:58 [WARNING] 截图重试第 1/3 次，待重试区域 1 个
2026-05-29 16:38:58 [ERROR] 截图异常 [test_webhook1]：(-2147352567, '发生意外。', (0, None, None, None, 0, -2147352565), None)
2026-05-29 16:39:00 [WARNING] 截图重试第 2/3 次，待重试区域 1 个
2026-05-29 16:39:00 [ERROR] 截图异常 [test_webhook1]：(-2147352567, '发生意外。', (0, None, None, None, 0, -2147352565), None)
2026-05-29 16:39:02 [WARNING] 截图重试第 3/3 次，待重试区域 1 个
2026-05-29 16:39:02 [ERROR] 截图异常 [test_webhook1]：(-2147352567, '发生意外。', (0, None, None, None, 0, -2147352565), None)
2026-05-29 16:39:02 [DEBUG] 已将所有工作表缩放比例恢复为100%
2026-05-29 16:39:02 [ERROR] 截图在重试 3 次后仍失败，共 1 个区域：test_webhook1(sheet1:E1)
2026-05-29 16:39:02 [INFO] 发送成功：截图失败通知
2026-05-29 16:39:05 [DEBUG] Excel 进程已释放
2026-05-29 16:39:05 [INFO] 任务耗时：22.86s
2026-05-29 16:39:05 [INFO] ====================================================================================================
2026-05-29 16:43:31 [INFO] 日志系统已初始化，日志文件：C:\Users\EDY\Desktop\BOT_TEST\logs\2026\05\2026-05-29.log
2026-05-29 16:43:31 [INFO] 成功导入 pyautogui
2026-05-29 16:43:31 [INFO] 成功加载 1 个任务
2026-05-29 16:43:31 [INFO] 进入调试模式...
2026-05-29 16:43:31 [INFO] 当前任务配置：
2026-05-29 16:43:31 [INFO]   [0] 学员明细备份.xlsx
2026-05-29 16:43:31 [INFO]     - [0] webhook: 833b098e-d..., times: ['08:35', '10:35', '12:35', '14:35', '16:35', '18:35', '20:35', '22:00']
2026-05-29 16:43:31 [INFO]     - [1] webhook: ee57f939-0..., times: ['08:40', '10:40', '12:40', '14:40', '16:40', '18:40', '20:40', '22:05']
2026-05-29 16:43:31 [INFO] 将执行任务 0 的 webhook 0
2026-05-29 16:43:31 [INFO] 执行指定的 webhook: 833b098e-d...
2026-05-29 16:43:31 [INFO] ====================================================================================================
2026-05-29 16:43:31 [INFO] 启动任务：学员明细备份.xlsx
2026-05-29 16:43:31 [INFO] Webhook：833b098e...
2026-05-29 16:43:31 [INFO] ====================================================================================================
2026-05-29 16:43:31 [DEBUG] 成功创建 Excel 实例
2026-05-29 16:43:31 [DEBUG] 成功设置 Excel 可见性: True
2026-05-29 16:43:31 [DEBUG] 成功设置 DisplayAlerts = False
2026-05-29 16:43:31 [INFO] 启动弹窗守护线程，超时时间：300秒
2026-05-29 16:43:31 [DEBUG] OpenCV未安装，降级到基础匹配模式
2026-05-29 16:43:32 [DEBUG] 基础匹配失败：
2026-05-29 16:43:32 [DEBUG] 按钮图片不存在：C:\Users\EDY\Desktop\BOT_TEST\button_images\continue.png
2026-05-29 16:43:32 [DEBUG] 按钮图片不存在：C:\Users\EDY\Desktop\BOT_TEST\button_images\ok.png
2026-05-29 16:43:33 [DEBUG] 成功打开文件：学员明细备份.xlsx
2026-05-29 16:43:33 [INFO] 开始刷新数据...
2026-05-29 16:43:33 [DEBUG] 发现链接数据源的表格：工作表 [昨日课量备份] - 查询 [昨日课量备份] - 范围 [$A$1:$B$59147]
2026-05-29 16:43:33 [INFO] 共发现 1 个链接了数据源的表格
2026-05-29 16:43:33 [INFO]   - 工作表 [昨日课量备份] - 查询 [昨日课量备份] - 范围 [$A$1:$B$59147]
2026-05-29 16:43:33 [INFO] 检查数据连接属性：
2026-05-29 16:43:33 [INFO]   工作表 [昨日课量备份] - 查询 [昨日课量备份]:
2026-05-29 16:43:33 [INFO]     - 全部刷新时刷新此连接: ✗ 未设置
2026-05-29 16:43:34 [DEBUG] OpenCV未安装，降级到基础匹配模式
2026-05-29 16:43:35 [DEBUG] 基础匹配失败：
2026-05-29 16:43:35 [DEBUG] 按钮图片不存在：C:\Users\EDY\Desktop\BOT_TEST\button_images\continue.png
2026-05-29 16:43:35 [DEBUG] 按钮图片不存在：C:\Users\EDY\Desktop\BOT_TEST\button_images\ok.png
2026-05-29 16:43:37 [DEBUG] OpenCV未安装，降级到基础匹配模式
2026-05-29 16:43:37 [DEBUG] 基础匹配失败：
2026-05-29 16:43:37 [DEBUG] 按钮图片不存在：C:\Users\EDY\Desktop\BOT_TEST\button_images\continue.png
2026-05-29 16:43:37 [DEBUG] 按钮图片不存在：C:\Users\EDY\Desktop\BOT_TEST\button_images\ok.png
2026-05-29 16:43:39 [DEBUG] OpenCV未安装，降级到基础匹配模式
2026-05-29 16:43:40 [DEBUG] 基础匹配失败：
2026-05-29 16:43:40 [DEBUG] 按钮图片不存在：C:\Users\EDY\Desktop\BOT_TEST\button_images\continue.png
2026-05-29 16:43:40 [DEBUG] 按钮图片不存在：C:\Users\EDY\Desktop\BOT_TEST\button_images\ok.png
2026-05-29 16:43:42 [DEBUG] OpenCV未安装，降级到基础匹配模式
2026-05-29 16:43:43 [DEBUG] 基础匹配失败：
2026-05-29 16:43:43 [DEBUG] 按钮图片不存在：C:\Users\EDY\Desktop\BOT_TEST\button_images\continue.png
2026-05-29 16:43:43 [DEBUG] 按钮图片不存在：C:\Users\EDY\Desktop\BOT_TEST\button_images\ok.png
2026-05-29 16:43:43 [INFO] 执行全部刷新...
2026-05-29 16:43:45 [DEBUG] OpenCV未安装，降级到基础匹配模式
2026-05-29 16:43:45 [INFO] 没有需要验证的表格，刷新完成
2026-05-29 16:43:45 [INFO] 处理Webhook：833b098e...
2026-05-29 16:43:45 [INFO] 开始截图，共 1 个区域
2026-05-29 16:43:45 [ERROR] 截图异常 [test_webhook1]：(-2147352567, '发生意外。', (0, None, None, None, 0, -2147352565), None)
2026-05-29 16:43:46 [DEBUG] 基础匹配失败：
2026-05-29 16:43:46 [DEBUG] 按钮图片不存在：C:\Users\EDY\Desktop\BOT_TEST\button_images\continue.png
2026-05-29 16:43:46 [DEBUG] 按钮图片不存在：C:\Users\EDY\Desktop\BOT_TEST\button_images\ok.png
2026-05-29 16:43:47 [WARNING] 截图重试第 1/3 次，待重试区域 1 个
2026-05-29 16:43:47 [ERROR] 截图异常 [test_webhook1]：(-2147352567, '发生意外。', (0, None, None, None, 0, -2147352565), None)
2026-05-29 16:43:48 [INFO] 弹窗守护线程结束
2026-05-29 16:43:49 [WARNING] 截图重试第 2/3 次，待重试区域 1 个
2026-05-29 16:43:50 [ERROR] 截图异常 [test_webhook1]：(-2147352567, '发生意外。', (0, None, None, None, 0, -2147352565), None)
2026-05-29 16:43:52 [WARNING] 截图重试第 3/3 次，待重试区域 1 个
2026-05-29 16:43:52 [ERROR] 截图异常 [test_webhook1]：(-2147352567, '发生意外。', (0, None, None, None, 0, -2147352565), None)
2026-05-29 16:43:52 [DEBUG] 已将所有工作表缩放比例恢复为100%
2026-05-29 16:43:52 [ERROR] 截图在重试 3 次后仍失败，共 1 个区域：test_webhook1(sheet1:E1)
2026-05-29 16:43:52 [INFO] 发送成功：截图失败通知
2026-05-29 16:43:55 [DEBUG] Excel 进程已释放
2026-05-29 16:43:55 [INFO] 任务耗时：24.37s
2026-05-29 16:43:55 [INFO] ====================================================================================================
2026-05-29 16:44:34 [INFO] 日志系统已初始化，日志文件：C:\Users\EDY\Desktop\BOT_TEST\logs\2026\05\2026-05-29.log
2026-05-29 16:44:34 [INFO] 成功导入 pyautogui
2026-05-29 16:44:34 [INFO] 成功加载 1 个任务
2026-05-29 16:44:34 [INFO] 进入调试模式...
2026-05-29 16:44:34 [INFO] 当前任务配置：
2026-05-29 16:44:34 [INFO]   [0] 学员明细备份.xlsx
2026-05-29 16:44:34 [INFO]     - [0] webhook: 833b098e-d..., times: ['08:35', '10:35', '12:35', '14:35', '16:35', '18:35', '20:35', '22:00']
2026-05-29 16:44:34 [INFO]     - [1] webhook: ee57f939-0..., times: ['08:40', '10:40', '12:40', '14:40', '16:40', '18:40', '20:40', '22:05']
2026-05-29 16:44:34 [INFO] 将执行任务 0 的 webhook 0
2026-05-29 16:44:34 [INFO] 执行指定的 webhook: 833b098e-d...
2026-05-29 16:44:34 [INFO] ====================================================================================================
2026-05-29 16:44:34 [INFO] 启动任务：学员明细备份.xlsx
2026-05-29 16:44:34 [INFO] Webhook：833b098e...
2026-05-29 16:44:34 [INFO] ====================================================================================================
2026-05-29 16:44:34 [DEBUG] 成功创建 Excel 实例
2026-05-29 16:44:35 [DEBUG] 成功设置 Excel 可见性: True
2026-05-29 16:44:35 [DEBUG] 成功设置 DisplayAlerts = False
2026-05-29 16:44:35 [INFO] 启动弹窗守护线程，超时时间：300秒
2026-05-29 16:44:35 [DEBUG] OpenCV未安装，降级到基础匹配模式
2026-05-29 16:44:35 [DEBUG] 基础匹配失败：
2026-05-29 16:44:35 [DEBUG] 按钮图片不存在：C:\Users\EDY\Desktop\BOT_TEST\button_images\continue.png
2026-05-29 16:44:35 [DEBUG] 按钮图片不存在：C:\Users\EDY\Desktop\BOT_TEST\button_images\ok.png
2026-05-29 16:44:36 [DEBUG] 成功打开文件：学员明细备份.xlsx
2026-05-29 16:44:36 [INFO] 开始刷新数据...
2026-05-29 16:44:36 [DEBUG] 发现链接数据源的表格：工作表 [昨日课量备份] - 查询 [昨日课量备份] - 范围 [$A$1:$B$59147]
2026-05-29 16:44:36 [INFO] 共发现 1 个链接了数据源的表格
2026-05-29 16:44:36 [INFO]   - 工作表 [昨日课量备份] - 查询 [昨日课量备份] - 范围 [$A$1:$B$59147]
2026-05-29 16:44:36 [INFO] 检查数据连接属性：
2026-05-29 16:44:36 [INFO]   工作表 [昨日课量备份] - 查询 [昨日课量备份]:
2026-05-29 16:44:36 [INFO]     - 全部刷新时刷新此连接: ✗ 未设置
2026-05-29 16:44:37 [DEBUG] OpenCV未安装，降级到基础匹配模式
2026-05-29 16:44:38 [DEBUG] 基础匹配失败：
2026-05-29 16:44:38 [DEBUG] 按钮图片不存在：C:\Users\EDY\Desktop\BOT_TEST\button_images\continue.png
2026-05-29 16:44:38 [DEBUG] 按钮图片不存在：C:\Users\EDY\Desktop\BOT_TEST\button_images\ok.png
2026-05-29 16:44:40 [DEBUG] OpenCV未安装，降级到基础匹配模式
2026-05-29 16:44:40 [DEBUG] 基础匹配失败：
2026-05-29 16:44:40 [DEBUG] 按钮图片不存在：C:\Users\EDY\Desktop\BOT_TEST\button_images\continue.png
2026-05-29 16:44:40 [DEBUG] 按钮图片不存在：C:\Users\EDY\Desktop\BOT_TEST\button_images\ok.png
2026-05-29 16:44:42 [DEBUG] OpenCV未安装，降级到基础匹配模式
2026-05-29 16:44:43 [DEBUG] 基础匹配失败：
2026-05-29 16:44:43 [DEBUG] 按钮图片不存在：C:\Users\EDY\Desktop\BOT_TEST\button_images\continue.png
2026-05-29 16:44:43 [DEBUG] 按钮图片不存在：C:\Users\EDY\Desktop\BOT_TEST\button_images\ok.png
2026-05-29 16:44:45 [DEBUG] OpenCV未安装，降级到基础匹配模式
2026-05-29 16:44:45 [DEBUG] 基础匹配失败：
2026-05-29 16:44:45 [DEBUG] 按钮图片不存在：C:\Users\EDY\Desktop\BOT_TEST\button_images\continue.png
2026-05-29 16:44:45 [DEBUG] 按钮图片不存在：C:\Users\EDY\Desktop\BOT_TEST\button_images\ok.png
2026-05-29 16:44:46 [INFO] 执行全部刷新...
2026-05-29 16:44:47 [DEBUG] OpenCV未安装，降级到基础匹配模式
2026-05-29 16:44:48 [DEBUG] 基础匹配失败：
2026-05-29 16:44:48 [DEBUG] 按钮图片不存在：C:\Users\EDY\Desktop\BOT_TEST\button_images\continue.png
2026-05-29 16:44:48 [DEBUG] 按钮图片不存在：C:\Users\EDY\Desktop\BOT_TEST\button_images\ok.png
2026-05-29 16:44:48 [INFO] 没有需要验证的表格，刷新完成
2026-05-29 16:44:48 [INFO] 处理Webhook：833b098e...
2026-05-29 16:44:48 [INFO] 开始截图，共 1 个区域
2026-05-29 16:44:48 [ERROR] 截图异常 [test_webhook1]：(-2147352567, '发生意外。', (0, None, None, None, 0, -2147352565), None)
2026-05-29 16:44:50 [INFO] 弹窗守护线程结束
2026-05-29 16:44:50 [WARNING] 截图重试第 1/3 次，待重试区域 1 个
2026-05-29 16:44:50 [ERROR] 截图异常 [test_webhook1]：(-2147352567, '发生意外。', (0, None, None, None, 0, -2147352565), None)
2026-05-29 16:44:52 [WARNING] 截图重试第 2/3 次，待重试区域 1 个
2026-05-29 16:44:52 [ERROR] 截图异常 [test_webhook1]：(-2147352567, '发生意外。', (0, None, None, None, 0, -2147352565), None)
2026-05-29 16:44:54 [WARNING] 截图重试第 3/3 次，待重试区域 1 个
2026-05-29 16:44:54 [ERROR] 截图异常 [test_webhook1]：(-2147352567, '发生意外。', (0, None, None, None, 0, -2147352565), None)
2026-05-29 16:44:54 [DEBUG] 已将所有工作表缩放比例恢复为100%
2026-05-29 16:44:54 [ERROR] 截图在重试 3 次后仍失败，共 1 个区域：test_webhook1(sheet1:E1)
2026-05-29 16:44:55 [INFO] 发送成功：截图失败通知
2026-05-29 16:44:57 [DEBUG] Excel 进程已释放
2026-05-29 16:44:57 [INFO] 任务耗时：22.64s
2026-05-29 16:44:57 [INFO] ====================================================================================================
2026-05-29 16:45:25 [INFO] 日志系统已初始化，日志文件：C:\Users\EDY\Desktop\BOT_TEST\logs\2026\05\2026-05-29.log
2026-05-29 16:45:25 [INFO] 成功导入 pyautogui
2026-05-29 16:45:25 [INFO] 成功加载 1 个任务
2026-05-29 16:45:25 [INFO] 进入调试模式...
2026-05-29 16:45:25 [INFO] 当前任务配置：
2026-05-29 16:45:25 [INFO]   [0] 学员明细备份.xlsx
2026-05-29 16:45:25 [INFO]     - [0] webhook: 833b098e-d..., times: ['08:35', '10:35', '12:35', '14:35', '16:35', '18:35', '20:35', '22:00']
2026-05-29 16:45:25 [INFO]     - [1] webhook: ee57f939-0..., times: ['08:40', '10:40', '12:40', '14:40', '16:40', '18:40', '20:40', '22:05']
2026-05-29 16:45:25 [INFO] 将执行任务 0 的 webhook 0
2026-05-29 16:45:25 [INFO] 执行指定的 webhook: 833b098e-d...
2026-05-29 16:45:25 [INFO] ====================================================================================================
2026-05-29 16:45:25 [INFO] 启动任务：学员明细备份.xlsx
2026-05-29 16:45:25 [INFO] Webhook：833b098e...
2026-05-29 16:45:25 [INFO] ====================================================================================================
2026-05-29 16:45:25 [DEBUG] 成功创建 Excel 实例
2026-05-29 16:45:25 [DEBUG] 成功设置 Excel 可见性: True
2026-05-29 16:45:26 [DEBUG] 成功设置 DisplayAlerts = False
2026-05-29 16:45:26 [INFO] 启动弹窗守护线程，超时时间：300秒
2026-05-29 16:45:26 [DEBUG] OpenCV未安装，降级到基础匹配模式
2026-05-29 16:45:26 [DEBUG] 基础匹配失败：
2026-05-29 16:45:26 [DEBUG] 按钮图片不存在：C:\Users\EDY\Desktop\BOT_TEST\button_images\continue.png
2026-05-29 16:45:26 [DEBUG] 按钮图片不存在：C:\Users\EDY\Desktop\BOT_TEST\button_images\ok.png
2026-05-29 16:45:26 [DEBUG] Excel 进程已释放
2026-05-29 16:45:26 [ERROR] 任务异常：Excel 启动失败：(-2147352567, '发生意外。', (0, 'Microsoft Excel', 'Microsoft Excel 不能访问文件“C:\\Users\\EDY\\OneDrive - PPLINGO PTE LTD\\自动播报文件\\学员明细备份.xlsx”。 可能的原因有以下几个:\n\n• 文件名称或路径不存在。\n• 文件正被其他程序使用。\n• 您正要保存的工作簿与当前打开的工作簿同名。', 'xlmain11.chm', 0, -2146827284), None)
Traceback (most recent call last):
  File "C:\Users\EDY\Desktop\BOT_TEST\excel.py", line 150, in __enter__
    self.workbook = self.excel.Workbooks.Open(self.file_path)
  File "<COMObject <unknown>>", line 5, in Open
pywintypes.com_error: (-2147352567, '发生意外。', (0, 'Microsoft Excel', 'Microsoft Excel 不能访问文件“C:\\Users\\EDY\\OneDrive - PPLINGO PTE LTD\\自动播报文件\\学员明细备份.xlsx”。 可能的原因有以下几个:\n\n• 文件名称或路径不存在。\n• 文件正被其他程序使用。\n• 您正要保存的工作簿与当前打开的工作簿同名。', 'xlmain11.chm', 0, -2146827284), None)

During handling of the above exception, another exception occurred:

Traceback (most recent call last):
  File "C:\Users\EDY\Desktop\BOT_TEST\excel.py", line 652, in execute
    with ExcelProcessor(
  File "C:\Users\EDY\Desktop\BOT_TEST\excel.py", line 171, in __enter__
    raise RuntimeError(f"Excel 启动失败：{str(e)}")
RuntimeError: Excel 启动失败：(-2147352567, '发生意外。', (0, 'Microsoft Excel', 'Microsoft Excel 不能访问文件“C:\\Users\\EDY\\OneDrive - PPLINGO PTE LTD\\自动播报文件\\学员明细备份.xlsx”。 可能的原因有以下几个:\n\n• 文件名称或路径不存在。\n• 文件正被其他程序使用。\n• 您正要保存的工作簿与当前打开的工作簿同名。', 'xlmain11.chm', 0, -2146827284), None)
2026-05-29 16:45:27 [INFO] 发送成功：任务启动失败通知
2026-05-29 16:45:27 [INFO] 任务耗时：2.13s
2026-05-29 16:45:27 [INFO] ====================================================================================================
2026-05-29 16:45:33 [INFO] 日志系统已初始化，日志文件：C:\Users\EDY\Desktop\BOT_TEST\logs\2026\05\2026-05-29.log
2026-05-29 16:45:33 [INFO] 成功导入 pyautogui
2026-05-29 16:45:33 [INFO] 成功加载 1 个任务
2026-05-29 16:45:33 [INFO] 进入调试模式...
2026-05-29 16:45:33 [INFO] 当前任务配置：
2026-05-29 16:45:33 [INFO]   [0] 学员明细备份.xlsx
2026-05-29 16:45:33 [INFO]     - [0] webhook: 833b098e-d..., times: ['08:35', '10:35', '12:35', '14:35', '16:35', '18:35', '20:35', '22:00']
2026-05-29 16:45:33 [INFO]     - [1] webhook: ee57f939-0..., times: ['08:40', '10:40', '12:40', '14:40', '16:40', '18:40', '20:40', '22:05']
2026-05-29 16:45:33 [INFO] 将执行任务 0 的 webhook 0
2026-05-29 16:45:33 [INFO] 执行指定的 webhook: 833b098e-d...
2026-05-29 16:45:33 [INFO] ====================================================================================================
2026-05-29 16:45:33 [INFO] 启动任务：学员明细备份.xlsx
2026-05-29 16:45:33 [INFO] Webhook：833b098e...
2026-05-29 16:45:33 [INFO] ====================================================================================================
2026-05-29 16:45:33 [DEBUG] 成功创建 Excel 实例
2026-05-29 16:45:33 [DEBUG] 成功设置 Excel 可见性: True
2026-05-29 16:45:33 [DEBUG] 成功设置 DisplayAlerts = False
2026-05-29 16:45:33 [INFO] 启动弹窗守护线程，超时时间：300秒
2026-05-29 16:45:33 [DEBUG] OpenCV未安装，降级到基础匹配模式
2026-05-29 16:45:34 [DEBUG] 基础匹配失败：
2026-05-29 16:45:34 [DEBUG] 按钮图片不存在：C:\Users\EDY\Desktop\BOT_TEST\button_images\continue.png
2026-05-29 16:45:34 [DEBUG] 按钮图片不存在：C:\Users\EDY\Desktop\BOT_TEST\button_images\ok.png
2026-05-29 16:45:35 [DEBUG] 成功打开文件：学员明细备份.xlsx
2026-05-29 16:45:35 [INFO] 开始刷新数据...
2026-05-29 16:45:35 [DEBUG] 发现链接数据源的表格：工作表 [昨日课量备份] - 查询 [昨日课量备份] - 范围 [$A$1:$B$59147]
2026-05-29 16:45:35 [INFO] 共发现 1 个链接了数据源的表格
2026-05-29 16:45:35 [INFO]   - 工作表 [昨日课量备份] - 查询 [昨日课量备份] - 范围 [$A$1:$B$59147]
2026-05-29 16:45:35 [INFO] 检查数据连接属性：
2026-05-29 16:45:35 [INFO]   工作表 [昨日课量备份] - 查询 [昨日课量备份]:
2026-05-29 16:45:35 [INFO]     - 全部刷新时刷新此连接: ✗ 未设置
2026-05-29 16:45:36 [DEBUG] OpenCV未安装，降级到基础匹配模式
2026-05-29 16:45:37 [DEBUG] 基础匹配失败：
2026-05-29 16:45:37 [DEBUG] 按钮图片不存在：C:\Users\EDY\Desktop\BOT_TEST\button_images\continue.png
2026-05-29 16:45:37 [DEBUG] 按钮图片不存在：C:\Users\EDY\Desktop\BOT_TEST\button_images\ok.png
2026-05-29 16:45:39 [DEBUG] OpenCV未安装，降级到基础匹配模式
2026-05-29 16:45:39 [DEBUG] 基础匹配失败：
2026-05-29 16:45:39 [DEBUG] 按钮图片不存在：C:\Users\EDY\Desktop\BOT_TEST\button_images\continue.png
2026-05-29 16:45:39 [DEBUG] 按钮图片不存在：C:\Users\EDY\Desktop\BOT_TEST\button_images\ok.png
2026-05-29 16:45:41 [DEBUG] OpenCV未安装，降级到基础匹配模式
2026-05-29 16:45:42 [DEBUG] 基础匹配失败：
2026-05-29 16:45:42 [DEBUG] 按钮图片不存在：C:\Users\EDY\Desktop\BOT_TEST\button_images\continue.png
2026-05-29 16:45:42 [DEBUG] 按钮图片不存在：C:\Users\EDY\Desktop\BOT_TEST\button_images\ok.png
2026-05-29 16:45:44 [DEBUG] OpenCV未安装，降级到基础匹配模式
2026-05-29 16:45:45 [DEBUG] 基础匹配失败：
2026-05-29 16:45:45 [DEBUG] 按钮图片不存在：C:\Users\EDY\Desktop\BOT_TEST\button_images\continue.png
2026-05-29 16:45:45 [DEBUG] 按钮图片不存在：C:\Users\EDY\Desktop\BOT_TEST\button_images\ok.png
2026-05-29 16:45:45 [INFO] 执行全部刷新...
2026-05-29 16:45:47 [INFO] 没有需要验证的表格，刷新完成
2026-05-29 16:45:47 [INFO] 处理Webhook：833b098e...
2026-05-29 16:45:47 [INFO] 开始截图，共 1 个区域
2026-05-29 16:45:47 [DEBUG] 截图区域地址: $E$1
2026-05-29 16:45:47 [INFO] 弹窗守护线程结束
2026-05-29 16:45:48 [INFO] 截图成功：[test_webhook1] 工作表[昨日课量备份] 区域[E1]
2026-05-29 16:45:48 [DEBUG] 已将所有工作表缩放比例恢复为100%
2026-05-29 16:45:54 [DEBUG] Excel 进程已释放
2026-05-29 16:45:54 [INFO] _deliver_results 被调用
2026-05-29 16:45:54 [INFO]   webhook: 833b098e...
2026-05-29 16:45:54 [INFO]   screenshots数量: 1
2026-05-29 16:45:54 [INFO]   send_file_enable: 1
2026-05-29 16:45:54 [INFO] 发送成功：截图 学员明细备份_test_webhook1_20260529_164547_352301.png
2026-05-29 16:45:54 [INFO] send_file_enable 为真，准备发送文件
2026-05-29 16:45:54 [INFO] 准备发送文件，file_path: C:/Users/EDY/OneDrive - PPLINGO PTE LTD/自动播报文件/学员明细备份.xlsx
2026-05-29 16:45:54 [INFO] send_file_enable 检查，webhook: 833b098e...
2026-05-29 16:45:54 [INFO] 开始上传文件：学员明细备份.xlsx
2026-05-29 16:45:54 [INFO] 上传URL: https://qyapi.weixin.qq.com/cgi-bin/webhook/upload_media?key=833b098e-d8b8-43ea-bfdf-cade0d040fb6&type=file
2026-05-29 16:45:54 [INFO] 正在上传文件：C:/Users/EDY/OneDrive - PPLINGO PTE LTD/自动播报文件/学员明细备份.xlsx
2026-05-29 16:45:54 [INFO] 上传文件名：学员明细备份_2026-05-29.xlsx
2026-05-29 16:45:57 [INFO] 上传响应状态码: 200
2026-05-29 16:45:57 [INFO] 上传响应内容: {"errcode":0,"errmsg":"ok","type":"file","media_id":"3msAbsUv_NF8VV7vK4mgC8XEeuwdlDt3LnBfVoWKZlHeKCtMZVOSFiH9zhbTkW1yQ","created_at":"1780044357"}
2026-05-29 16:45:57 [INFO] 上传结果: {'errcode': 0, 'errmsg': 'ok', 'type': 'file', 'media_id': '3msAbsUv_NF8VV7vK4mgC8XEeuwdlDt3LnBfVoWKZlHeKCtMZVOSFiH9zhbTkW1yQ', 'created_at': '1780044357'}
2026-05-29 16:45:57 [INFO] 文件上传成功，media_id: 3msAbsUv_NF8VV7vK4mgC8XEeuwdlDt3LnBfVoWKZlHeKCtMZVOSFiH9zhbTkW1yQ
2026-05-29 16:45:58 [INFO] 发送成功：文件 学员明细备份.xlsx
2026-05-29 16:45:58 [DEBUG] 清理临时文件：学员明细备份_test_webhook1_20260529_164547_352301.png
2026-05-29 16:45:58 [INFO] 任务耗时：25.41s
2026-05-29 16:45:58 [INFO] ====================================================================================================
2026-05-29 16:53:33 [INFO] 日志系统已初始化，日志文件：C:\Users\EDY\Desktop\BOT_TEST\logs\2026\05\2026-05-29.log
2026-05-29 16:53:33 [INFO] 成功导入 pyautogui
2026-05-29 16:53:33 [INFO] 成功加载 1 个任务
2026-05-29 16:53:33 [INFO] 进入调试模式...
2026-05-29 16:53:33 [INFO] 当前任务配置：
2026-05-29 16:53:33 [INFO]   [0] 学员明细备份.xlsx
2026-05-29 16:53:33 [INFO]     - [0] webhook: 833b098e-d..., times: ['08:35', '10:35', '12:35', '14:35', '16:35', '18:35', '20:35', '22:00']
2026-05-29 16:53:33 [INFO]     - [1] webhook: ee57f939-0..., times: ['08:40', '10:40', '12:40', '14:40', '16:40', '18:40', '20:40', '22:05']
2026-05-29 16:53:33 [INFO] 将执行任务 0 的 webhook 0
2026-05-29 16:53:33 [INFO] 执行指定的 webhook: 833b098e-d...
2026-05-29 16:53:33 [INFO] ====================================================================================================
2026-05-29 16:53:33 [INFO] 启动任务：学员明细备份.xlsx
2026-05-29 16:53:33 [INFO] Webhook：833b098e...
2026-05-29 16:53:33 [INFO] ====================================================================================================
2026-05-29 16:53:33 [DEBUG] 成功创建 Excel 实例
2026-05-29 16:53:34 [DEBUG] 成功设置 Excel 可见性: True
2026-05-29 16:53:34 [DEBUG] 成功设置 DisplayAlerts = False
2026-05-29 16:53:34 [INFO] 启动弹窗守护线程，超时时间：300秒
2026-05-29 16:53:34 [DEBUG] OpenCV未安装，降级到基础匹配模式
2026-05-29 16:53:34 [DEBUG] 基础匹配失败：
2026-05-29 16:53:34 [DEBUG] 按钮图片不存在：C:\Users\EDY\Desktop\BOT_TEST\button_images\continue.png
2026-05-29 16:53:34 [DEBUG] 按钮图片不存在：C:\Users\EDY\Desktop\BOT_TEST\button_images\ok.png
2026-05-29 16:53:35 [DEBUG] 成功打开文件：学员明细备份.xlsx
2026-05-29 16:53:35 [INFO] 开始刷新数据...
2026-05-29 16:53:35 [DEBUG] 发现链接数据源的表格：工作表 [昨日课量备份] - 查询 [昨日课量备份] - 范围 [$A$1:$B$59147]
2026-05-29 16:53:35 [INFO] 共发现 1 个链接了数据源的表格
2026-05-29 16:53:35 [INFO]   - 工作表 [昨日课量备份] - 查询 [昨日课量备份] - 范围 [$A$1:$B$59147]
2026-05-29 16:53:35 [INFO] 检查数据连接属性：
2026-05-29 16:53:35 [INFO]   工作表 [昨日课量备份] - 查询 [昨日课量备份]:
2026-05-29 16:53:35 [INFO]     - 全部刷新时刷新此连接: ✗ 未设置
2026-05-29 16:53:36 [DEBUG] OpenCV未安装，降级到基础匹配模式
2026-05-29 16:53:37 [DEBUG] 基础匹配失败：
2026-05-29 16:53:37 [DEBUG] 按钮图片不存在：C:\Users\EDY\Desktop\BOT_TEST\button_images\continue.png
2026-05-29 16:53:37 [DEBUG] 按钮图片不存在：C:\Users\EDY\Desktop\BOT_TEST\button_images\ok.png
2026-05-29 16:53:39 [DEBUG] OpenCV未安装，降级到基础匹配模式
2026-05-29 16:53:40 [DEBUG] 基础匹配失败：
2026-05-29 16:53:40 [DEBUG] 按钮图片不存在：C:\Users\EDY\Desktop\BOT_TEST\button_images\continue.png
2026-05-29 16:53:40 [DEBUG] 按钮图片不存在：C:\Users\EDY\Desktop\BOT_TEST\button_images\ok.png
2026-05-29 16:53:42 [DEBUG] OpenCV未安装，降级到基础匹配模式
2026-05-29 16:53:42 [DEBUG] 基础匹配失败：
2026-05-29 16:53:42 [DEBUG] 按钮图片不存在：C:\Users\EDY\Desktop\BOT_TEST\button_images\continue.png
2026-05-29 16:53:42 [DEBUG] 按钮图片不存在：C:\Users\EDY\Desktop\BOT_TEST\button_images\ok.png
2026-05-29 16:53:44 [DEBUG] OpenCV未安装，降级到基础匹配模式
2026-05-29 16:53:45 [DEBUG] 基础匹配失败：
2026-05-29 16:53:45 [DEBUG] 按钮图片不存在：C:\Users\EDY\Desktop\BOT_TEST\button_images\continue.png
2026-05-29 16:53:45 [DEBUG] 按钮图片不存在：C:\Users\EDY\Desktop\BOT_TEST\button_images\ok.png
2026-05-29 16:53:45 [INFO] 执行全部刷新...
2026-05-29 16:53:47 [DEBUG] OpenCV未安装，降级到基础匹配模式
2026-05-29 16:53:47 [INFO] 没有需要验证的表格，刷新完成
2026-05-29 16:53:48 [DEBUG] 基础匹配失败：
2026-05-29 16:53:48 [DEBUG] 按钮图片不存在：C:\Users\EDY\Desktop\BOT_TEST\button_images\continue.png
2026-05-29 16:53:48 [DEBUG] 按钮图片不存在：C:\Users\EDY\Desktop\BOT_TEST\button_images\ok.png
2026-05-29 16:53:50 [DEBUG] OpenCV未安装，降级到基础匹配模式
2026-05-29 16:53:50 [DEBUG] 基础匹配成功
2026-05-29 16:53:51 [DEBUG] 重新应用筛选：昨日课量备份
2026-05-29 16:53:51 [INFO] 处理Webhook：833b098e...
2026-05-29 16:53:51 [INFO] 开始截图，共 1 个区域
2026-05-29 16:53:51 [INFO] 检测到弹窗，已点击按钮：view_all_content.png
2026-05-29 16:53:51 [DEBUG] 截图区域地址: $E$1
2026-05-29 16:53:52 [INFO] 截图成功：[test_webhook1] 工作表[昨日课量备份] 区域[E1]
2026-05-29 16:53:52 [DEBUG] 已将所有工作表缩放比例恢复为100%
2026-05-29 16:53:53 [INFO] 弹窗守护线程结束
2026-05-29 16:54:02 [DEBUG] Excel 进程已释放
2026-05-29 16:54:02 [INFO] _deliver_results 被调用
2026-05-29 16:54:02 [INFO]   webhook: 833b098e...
2026-05-29 16:54:02 [INFO]   screenshots数量: 1
2026-05-29 16:54:02 [INFO]   send_file_enable: 1
2026-05-29 16:54:02 [INFO] 发送成功：截图 学员明细备份_test_webhook1_20260529_165351_063604.png
2026-05-29 16:54:02 [INFO] send_file_enable 为真，准备发送文件
2026-05-29 16:54:02 [INFO] 准备发送文件，file_path: C:/Users/EDY/OneDrive - PPLINGO PTE LTD/自动播报文件/学员明细备份.xlsx
2026-05-29 16:54:02 [INFO] send_file_enable 检查，webhook: 833b098e...
2026-05-29 16:54:02 [INFO] 开始上传文件：学员明细备份.xlsx
2026-05-29 16:54:02 [INFO] 上传URL: https://qyapi.weixin.qq.com/cgi-bin/webhook/upload_media?key=833b098e-d8b8-43ea-bfdf-cade0d040fb6&type=file
2026-05-29 16:54:02 [INFO] 正在上传文件：C:/Users/EDY/OneDrive - PPLINGO PTE LTD/自动播报文件/学员明细备份.xlsx
2026-05-29 16:54:02 [INFO] 上传文件名：学员明细备份_2026-05-29.xlsx
2026-05-29 16:54:05 [INFO] 上传响应状态码: 200
2026-05-29 16:54:05 [INFO] 上传响应内容: {"errcode":0,"errmsg":"ok","type":"file","media_id":"3TQI3_nDmrc5GGg1n0nW_7O9HMasulsHrhhMYPInvu6srMAm3UODwh36YstlNTou0","created_at":"1780044845"}
2026-05-29 16:54:05 [INFO] 上传结果: {'errcode': 0, 'errmsg': 'ok', 'type': 'file', 'media_id': '3TQI3_nDmrc5GGg1n0nW_7O9HMasulsHrhhMYPInvu6srMAm3UODwh36YstlNTou0', 'created_at': '1780044845'}
2026-05-29 16:54:05 [INFO] 文件上传成功，media_id: 3TQI3_nDmrc5GGg1n0nW_7O9HMasulsHrhhMYPInvu6srMAm3UODwh36YstlNTou0
2026-05-29 16:54:06 [INFO] 发送成功：文件 学员明细备份.xlsx
2026-05-29 16:54:06 [DEBUG] 清理临时文件：学员明细备份_test_webhook1_20260529_165351_063604.png
2026-05-29 16:54:06 [INFO] 任务耗时：33.02s
2026-05-29 16:54:06 [INFO] ====================================================================================================
2026-05-29 17:05:08 [INFO] 日志系统已初始化，日志文件：C:\Users\EDY\Desktop\BOT_TEST\logs\2026\05\2026-05-29.log
2026-05-29 17:05:08 [INFO] 成功导入 pyautogui
2026-05-29 17:05:08 [INFO] 成功加载 1 个任务
2026-05-29 17:05:08 [INFO] 进入调试模式...
2026-05-29 17:05:08 [INFO] 当前任务配置：
2026-05-29 17:05:08 [INFO]   [0] 学员明细备份.xlsx
2026-05-29 17:05:08 [INFO]     - [0] webhook: 833b098e-d..., times: ['08:35', '10:35', '12:35', '14:35', '16:35', '18:35', '20:35', '22:00']
2026-05-29 17:05:08 [INFO]     - [1] webhook: ee57f939-0..., times: ['08:40', '10:40', '12:40', '14:40', '16:40', '18:40', '20:40', '22:05']
2026-05-29 17:05:08 [INFO] 将执行任务 0 的 webhook 0
2026-05-29 17:05:08 [INFO] 执行指定的 webhook: 833b098e-d...
2026-05-29 17:05:08 [INFO] ====================================================================================================
2026-05-29 17:05:08 [INFO] 启动任务：学员明细备份.xlsx
2026-05-29 17:05:08 [INFO] Webhook：833b098e...
2026-05-29 17:05:08 [INFO] ====================================================================================================
2026-05-29 17:05:08 [DEBUG] 成功创建 Excel 实例
2026-05-29 17:05:08 [DEBUG] 成功设置 Excel 可见性: True
2026-05-29 17:05:08 [DEBUG] 成功设置 DisplayAlerts = False
2026-05-29 17:05:10 [DEBUG] 成功打开文件：学员明细备份.xlsx
2026-05-29 17:05:10 [INFO] 开始刷新数据...
2026-05-29 17:05:10 [DEBUG] 发现链接数据源的表格：工作表 [昨日课量备份] - 查询 [昨日课量备份] - 范围 [$A$1:$B$59147]
2026-05-29 17:05:10 [INFO] 共发现 1 个链接了数据源的表格
2026-05-29 17:05:10 [INFO]   - 工作表 [昨日课量备份] - 查询 [昨日课量备份] - 范围 [$A$1:$B$59147]
2026-05-29 17:05:10 [INFO] 检查数据连接属性：
2026-05-29 17:05:10 [INFO]   工作表 [昨日课量备份] - 查询 [昨日课量备份]:
2026-05-29 17:05:10 [INFO]     - 全部刷新时刷新此连接: ✗ 未设置
2026-05-29 17:05:20 [INFO] 执行全部刷新...
2026-05-29 17:05:22 [INFO] 没有需要验证的表格，刷新完成
2026-05-29 17:05:22 [INFO] 启动弹窗守护线程，超时时间：90秒
2026-05-29 17:05:22 [DEBUG] 重新应用筛选：昨日课量备份
2026-05-29 17:05:22 [INFO] 处理Webhook：833b098e...
2026-05-29 17:05:22 [INFO] 开始截图，共 1 个区域
2026-05-29 17:05:22 [DEBUG] 未检测到按钮 view_all_content.png ：
2026-05-29 17:05:22 [INFO] 弹窗守护线程结束
2026-05-29 17:05:22 [DEBUG] 截图区域地址: $E$1
2026-05-29 17:05:24 [INFO] 截图成功：[test_webhook1] 工作表[昨日课量备份] 区域[E1]
2026-05-29 17:05:24 [DEBUG] 已将所有工作表缩放比例恢复为100%
2026-05-29 17:05:28 [DEBUG] Excel 进程已释放
2026-05-29 17:05:28 [INFO] _deliver_results 被调用
2026-05-29 17:05:28 [INFO]   webhook: 833b098e...
2026-05-29 17:05:28 [INFO]   screenshots数量: 1
2026-05-29 17:05:28 [INFO]   send_file_enable: 1
2026-05-29 17:05:29 [INFO] 发送成功：截图 学员明细备份_test_webhook1_20260529_170522_798938.png
2026-05-29 17:05:29 [INFO] send_file_enable 为真，准备发送文件
2026-05-29 17:05:29 [INFO] 准备发送文件，file_path: C:/Users/EDY/OneDrive - PPLINGO PTE LTD/自动播报文件/学员明细备份.xlsx
2026-05-29 17:05:29 [INFO] send_file_enable 检查，webhook: 833b098e...
2026-05-29 17:05:29 [INFO] 开始上传文件：学员明细备份.xlsx
2026-05-29 17:05:29 [INFO] 上传URL: https://qyapi.weixin.qq.com/cgi-bin/webhook/upload_media?key=833b098e-d8b8-43ea-bfdf-cade0d040fb6&type=file
2026-05-29 17:05:29 [INFO] 正在上传文件：C:/Users/EDY/OneDrive - PPLINGO PTE LTD/自动播报文件/学员明细备份.xlsx
2026-05-29 17:05:29 [INFO] 上传文件名：学员明细备份_2026-05-29.xlsx
2026-05-29 17:05:32 [INFO] 上传响应状态码: 200
2026-05-29 17:05:32 [INFO] 上传响应内容: {"errcode":0,"errmsg":"ok","type":"file","media_id":"3YyQhdKq3tyP_SYE3wQ4EXrTfOrFAP6-dmi8eiqsN-Jl_0wfl10rzf9l43XmZKSQG","created_at":"1780045532"}
2026-05-29 17:05:32 [INFO] 上传结果: {'errcode': 0, 'errmsg': 'ok', 'type': 'file', 'media_id': '3YyQhdKq3tyP_SYE3wQ4EXrTfOrFAP6-dmi8eiqsN-Jl_0wfl10rzf9l43XmZKSQG', 'created_at': '1780045532'}
2026-05-29 17:05:32 [INFO] 文件上传成功，media_id: 3YyQhdKq3tyP_SYE3wQ4EXrTfOrFAP6-dmi8eiqsN-Jl_0wfl10rzf9l43XmZKSQG
2026-05-29 17:05:33 [INFO] 发送成功：文件 学员明细备份.xlsx
2026-05-29 17:05:33 [DEBUG] 清理临时文件：学员明细备份_test_webhook1_20260529_170522_798938.png
2026-05-29 17:05:33 [INFO] 任务耗时：25.09s
2026-05-29 17:05:33 [INFO] ====================================================================================================
2026-05-29 17:09:22 [INFO] 日志系统已初始化，日志文件：C:\Users\EDY\Desktop\BOT_TEST\logs\2026\05\2026-05-29.log
2026-05-29 17:09:22 [INFO] 成功导入 pyautogui
2026-05-29 17:09:22 [INFO] 成功加载 1 个任务
2026-05-29 17:09:22 [INFO] 进入调试模式...
2026-05-29 17:09:22 [INFO] 当前任务配置：
2026-05-29 17:09:22 [INFO]   [0] 学员明细备份.xlsx
2026-05-29 17:09:22 [INFO]     - [0] webhook: 833b098e-d..., times: ['08:35', '10:35', '12:35', '14:35', '16:35', '18:35', '20:35', '22:00']
2026-05-29 17:09:22 [INFO]     - [1] webhook: ee57f939-0..., times: ['08:40', '10:40', '12:40', '14:40', '16:40', '18:40', '20:40', '22:05']
2026-05-29 17:09:22 [INFO] 将执行任务 0 的 webhook 0
2026-05-29 17:09:22 [INFO] 执行指定的 webhook: 833b098e-d...
2026-05-29 17:09:22 [INFO] ====================================================================================================
2026-05-29 17:09:22 [INFO] 启动任务：学员明细备份.xlsx
2026-05-29 17:09:22 [INFO] Webhook：833b098e...
2026-05-29 17:09:22 [INFO] ====================================================================================================
2026-05-29 17:09:23 [DEBUG] 成功创建 Excel 实例
2026-05-29 17:09:23 [DEBUG] 成功设置 Excel 可见性: True
2026-05-29 17:09:23 [DEBUG] 成功设置 DisplayAlerts = False
2026-05-29 17:09:25 [DEBUG] 成功打开文件：学员明细备份.xlsx
2026-05-29 17:09:25 [INFO] 开始刷新数据...
2026-05-29 17:09:25 [DEBUG] 发现链接数据源的表格：工作表 [昨日课量备份] - 查询 [昨日课量备份] - 范围 [$A$1:$B$59147]
2026-05-29 17:09:25 [INFO] 共发现 1 个链接了数据源的表格
2026-05-29 17:09:25 [INFO]   - 工作表 [昨日课量备份] - 查询 [昨日课量备份] - 范围 [$A$1:$B$59147]
2026-05-29 17:09:25 [INFO] 检查数据连接属性：
2026-05-29 17:09:25 [INFO]   工作表 [昨日课量备份] - 查询 [昨日课量备份]:
2026-05-29 17:09:25 [INFO]     - 全部刷新时刷新此连接: ✗ 未设置
2026-05-29 17:09:35 [INFO] 执行全部刷新...
2026-05-29 17:09:36 [INFO] 没有需要验证的表格，刷新完成
2026-05-29 17:09:36 [INFO] 启动弹窗守护线程，超时时间：90秒
2026-05-29 17:09:37 [DEBUG] 未检测到按钮 view_all_content.png ：
2026-05-29 17:09:38 [DEBUG] 重新应用筛选：昨日课量备份
2026-05-29 17:09:38 [INFO] 处理Webhook：833b098e...
2026-05-29 17:09:38 [INFO] 开始截图，共 1 个区域
2026-05-29 17:09:38 [DEBUG] 截图区域地址: $E$1
2026-05-29 17:09:38 [INFO] 检测到弹窗，已点击按钮：view_all_content.png
2026-05-29 17:09:38 [INFO] 弹窗守护线程结束
2026-05-29 17:09:39 [INFO] 截图成功：[test_webhook1] 工作表[昨日课量备份] 区域[E1]
2026-05-29 17:09:40 [DEBUG] 已将所有工作表缩放比例恢复为100%
2026-05-29 17:09:45 [DEBUG] Excel 进程已释放
2026-05-29 17:09:45 [INFO] _deliver_results 被调用
2026-05-29 17:09:45 [INFO]   webhook: 833b098e...
2026-05-29 17:09:45 [INFO]   screenshots数量: 1
2026-05-29 17:09:45 [INFO]   send_file_enable: 1
2026-05-29 17:09:47 [INFO] 发送成功：截图 学员明细备份_test_webhook1_20260529_170938_275150.png
2026-05-29 17:09:47 [INFO] send_file_enable 为真，准备发送文件
2026-05-29 17:09:47 [INFO] 准备发送文件，file_path: C:/Users/EDY/OneDrive - PPLINGO PTE LTD/自动播报文件/学员明细备份.xlsx
2026-05-29 17:09:47 [INFO] send_file_enable 检查，webhook: 833b098e...
2026-05-29 17:09:47 [INFO] 开始上传文件：学员明细备份.xlsx
2026-05-29 17:09:47 [INFO] 上传URL: https://qyapi.weixin.qq.com/cgi-bin/webhook/upload_media?key=833b098e-d8b8-43ea-bfdf-cade0d040fb6&type=file
2026-05-29 17:09:47 [INFO] 正在上传文件：C:/Users/EDY/OneDrive - PPLINGO PTE LTD/自动播报文件/学员明细备份.xlsx
2026-05-29 17:09:47 [INFO] 上传文件名：学员明细备份_2026-05-29.xlsx
2026-05-29 17:09:54 [INFO] 上传响应状态码: 200
2026-05-29 17:09:54 [INFO] 上传响应内容: {"errcode":0,"errmsg":"ok","type":"file","media_id":"3pQsuVe8pRIPEyJNvJBE1upuLE0Lds5kv_0h7bF5l0-iYrn6F5b3YWn2A4_U-MFpD","created_at":"1780045794"}
2026-05-29 17:09:54 [INFO] 上传结果: {'errcode': 0, 'errmsg': 'ok', 'type': 'file', 'media_id': '3pQsuVe8pRIPEyJNvJBE1upuLE0Lds5kv_0h7bF5l0-iYrn6F5b3YWn2A4_U-MFpD', 'created_at': '1780045794'}
2026-05-29 17:09:54 [INFO] 文件上传成功，media_id: 3pQsuVe8pRIPEyJNvJBE1upuLE0Lds5kv_0h7bF5l0-iYrn6F5b3YWn2A4_U-MFpD
2026-05-29 17:09:55 [INFO] 发送成功：文件 学员明细备份.xlsx
2026-05-29 17:09:55 [DEBUG] 清理临时文件：学员明细备份_test_webhook1_20260529_170938_275150.png
2026-05-29 17:09:55 [INFO] 任务耗时：32.93s
2026-05-29 17:09:55 [INFO] ====================================================================================================
